{"type":"FeatureCollection","features":[{"type":"Feature","properties":{},"geometry":{"coordinates":[[[-99.32125031799691,19.232414557229077],[-99.32182175240368,19.234178200344402],[-99.32186251976943,19.234804483217346],[-99.32199120637806,19.23519215866068],[-99.32216812927761,19.23555047473971],[-99.32214560383086,19.236088221144612],[-99.32199276276285,19.236659833444627],[-99.32164261189622,19.236966041672243],[-99.32164579387718,19.237294025925664],[-99.32176322652867,19.237642136652063],[-99.32206711094643,19.237880533974394],[-99.32226878048792,19.23855591010988],[-99.32236062541078,19.239096197234616],[-99.32256726210133,19.239563941330935],[-99.32227651352964,19.239735396030408],[-99.32231847884691,19.240770574090718],[-99.32227452810778,19.24142658671037],[-99.32210168900599,19.24204558594952],[-99.3223354779115,19.242227102416287],[-99.32215829084193,19.242603183217547],[-99.32233213202618,19.243343419751263],[-99.32202965268434,19.24428163092309],[-99.32230148347925,19.245413476800636],[-99.3222315725143,19.24576808577292],[-99.32161339116561,19.246031725932774],[-99.3208566464739,19.24655219321712],[-99.32008345666873,19.24700519849773],[-99.32029585986184,19.247411683490117],[-99.31987442904706,19.247428434725954],[-99.3182723557283,19.250160465932954],[-99.31760106419352,19.251654439098836],[-99.31766719523642,19.252635645838193],[-99.31716321075268,19.25300018088091],[-99.31666415905632,19.253665273725428],[-99.31669643635362,19.254162077167422],[-99.31632912673103,19.254947814300763],[-99.31613409822187,19.257127187387574],[-99.31614093252865,19.258845165463075],[-99.31646382463403,19.260945515036582],[-99.3144809099507,19.265197055191592],[-99.31454013211363,19.267017230981935],[-99.31447914230235,19.267928848880402],[-99.31489997904133,19.2687827078055],[-99.31463269381662,19.27172303688171],[-99.3144494141271,19.274514368367917],[-99.31571637710485,19.275368769869644],[-99.31649931953122,19.27844844265806],[-99.31559193245475,19.28238632875103],[-99.31464664758835,19.284566523599864],[-99.31606856675141,19.286109944113974],[-99.31686280688085,19.288937148640827],[-99.31674154301938,19.290529629247743],[-99.31633505207299,19.291355169173045],[-99.31623416310273,19.29206934873858],[-99.3161332741325,19.29354530996696],[-99.31527571788507,19.296187723435963],[-99.316266695143,19.29686383467633],[-99.31672069550936,19.29760179533524],[-99.31634236187061,19.298458777729948],[-99.31573702804904,19.299006291909805],[-99.3151316942271,19.30095828407687],[-99.31482902731634,19.30119633030897],[-99.31402191555388,19.30148198532973],[-99.31404713779652,19.302957861659934],[-99.31379491537069,19.303576773577618],[-99.31308869257887,19.304148074808353],[-99.31243291427198,19.304195683153594],[-99.31218069184615,19.304338508108273],[-99.31235724754403,19.30529067128235],[-99.31195369166296,19.306623690414654],[-99.31134835784104,19.30695694349977],[-99.31107091317293,19.306742709451385],[-99.31074302401947,19.306909335957613],[-99.31064213504922,19.307361607047724],[-99.31031424589578,19.307623447633617],[-99.30996113449969,19.307433018158378],[-99.30963324534623,19.306695101846827],[-99.30943146740574,19.30514784715976],[-99.30864957788593,19.30526686727046],[-99.30789291060879,19.305742946848582],[-99.30751457697004,19.306647494229054],[-99.30756502145536,19.307694858629944],[-99.30685879866316,19.307932895057746],[-99.30645524278212,19.307171177267563],[-99.30590035344551,19.30719498100231],[-99.30514368616801,19.309170678900045],[-99.3043870103358,19.309337292606415],[-99.30363034305864,19.310908310852113],[-99.30322678717725,19.311122539443417],[-99.30173867486562,19.30948011307109],[-99.30136034122687,19.309527719864207],[-99.30133511898423,19.31145578336057],[-99.30098200758849,19.31238410212083],[-99.30045234049416,19.312550722878683],[-99.30012445134072,19.31395509109136],[-99.30060367394975,19.315169026774512],[-99.3007550074053,19.316216336591125],[-99.3010576743161,19.316859000656564],[-99.30143600795485,19.317739684346165],[-99.30206656401907,19.318263331857622],[-99.30189000832084,19.31854895706624],[-99.30130816501897,19.31851543205314],[-99.30121959362768,19.318641266061775],[-99.30113102223639,19.318767100070406],[-99.30106765832086,19.319705950174622],[-99.30056546022652,19.32037033768362],[-99.30064431989625,19.322162771581095],[-99.30036516890104,19.322350342567937],[-99.29999803566803,19.322304546854763],[-99.29949588822076,19.321465634986843],[-99.29893761155324,19.32119649669738],[-99.2986470953333,19.319730523328417],[-99.29813774484523,19.319180061802854],[-99.29680948237467,19.31876079315971],[-99.29643672454391,19.318306746855733],[-99.29660646867873,19.317560340040554],[-99.29628826842138,19.31706613490526],[-99.29585542137914,19.317453131716583],[-99.29548968135948,19.317623142542875],[-99.29523215310019,19.317520266758073],[-99.29510338897092,19.317028187628498],[-99.29467940666026,19.31695697082911],[-99.29385274378068,19.318864507826994],[-99.29356909924165,19.320160926754486],[-99.29285665460898,19.320931505336688],[-99.29084043996367,19.321365736431957],[-99.290584516665,19.32172970262497],[-99.29055173246931,19.322242432960568],[-99.29139239635984,19.322569117313307],[-99.29179409665315,19.324930208313894],[-99.2908025210776,19.32677881022124],[-99.29151779066345,19.328916189637894],[-99.2890605090812,19.33295674159394],[-99.28781798463493,19.33360687145873],[-99.28769025181465,19.332969460659527],[-99.2883831304883,19.331315769059493],[-99.28813733454183,19.330395826880984],[-99.2866983581614,19.32978063809199],[-99.28759106602001,19.330652860362505],[-99.28746635954026,19.331528801833954],[-99.28510211246746,19.336414327309136],[-99.28442421329424,19.33672622811697],[-99.28329604296485,19.33646844979807],[-99.28244696142114,19.33578103881926],[-99.28077282113969,19.33525117464375],[-99.28022074737856,19.335255190630573],[-99.28003240169191,19.335691613584267],[-99.28017937963064,19.3365717567649],[-99.2810201665443,19.33697042410995],[-99.28113364082365,19.337273172826244],[-99.27072601987268,19.341179617769548],[-99.2692264147395,19.341261671289015],[-99.26916783632406,19.341509867078955],[-99.26850712876157,19.341575559438695],[-99.2664806119501,19.34403824090257],[-99.26571496858509,19.3441598344137],[-99.26549309667905,19.344489313599595],[-99.2648993113963,19.34454892254591],[-99.26470146477128,19.345139450916946],[-99.2640577883686,19.345224449907185],[-99.26376071167111,19.345815991294476],[-99.26336455828162,19.34619353845317],[-99.25903131040288,19.348087826509133],[-99.25909322183215,19.34831072385267],[-99.25981060577804,19.348036335475815],[-99.26040405463763,19.34815386293299],[-99.26051297355825,19.348179402006167],[-99.25940538643042,19.348701618124984],[-99.25813558436225,19.349682593327497],[-99.2583692838085,19.35007341016552],[-99.25896738514926,19.34992550056642],[-99.25951293055029,19.350095191275418],[-99.25921054887894,19.35171942509337],[-99.26118580117513,19.360967459951322],[-99.26270879210841,19.362026839204013],[-99.26670806355276,19.363531699575137],[-99.26648837865153,19.364427508676037],[-99.2667965589213,19.367284757561062],[-99.26661623087983,19.368397855725775],[-99.26518839415476,19.371994551637975],[-99.26559933692974,19.37211502748941],[-99.26623043145094,19.37154429339258],[-99.26657638036356,19.3704415349554],[-99.26736362561884,19.369216103156333],[-99.26811926604385,19.36878417702013],[-99.26854056409755,19.368767567404376],[-99.26917321799506,19.369057073713932],[-99.26855722158916,19.369738141603555],[-99.26829470257377,19.370432650488734],[-99.26826577123951,19.371198233588686],[-99.26842185252808,19.371859911570944],[-99.26985289901651,19.371536463105134],[-99.27019321895943,19.372758402485395],[-99.26978351928278,19.373347928659097],[-99.26902154939103,19.373653420870262],[-99.26786741824853,19.373398582305814],[-99.2673472016625,19.37347495426168],[-99.26690517661675,19.374221054918316],[-99.26610430444636,19.374508303342868],[-99.26298648687586,19.37510241698451],[-99.2609955258041,19.3761717375555],[-99.25683924170002,19.379784671334633],[-99.25195442121984,19.38286533797231],[-99.24741309386734,19.38623402642775],[-99.24835008647958,19.387704217172868],[-99.24846734737403,19.390439720686235],[-99.24775556141688,19.39200657879733],[-99.24677555451653,19.3928515158871],[-99.24671404719165,19.393959339154236],[-99.24727165974275,19.394393568389873],[-99.24801961808079,19.3942726951598],[-99.24895479354315,19.393522706350424],[-99.25049842465967,19.393804689469164],[-99.25126444264833,19.3937024782998],[-99.25173892708945,19.393417652469118],[-99.25283127403596,19.393567617801864],[-99.25389910262898,19.394661168022644],[-99.25437907654783,19.395106183636074],[-99.25474136237113,19.395236672400227],[-99.25495973520128,19.395148793456777],[-99.25486839923845,19.394893981295525],[-99.25481393336976,19.39461830223014],[-99.25455299497212,19.39448173457199],[-99.2544457417817,19.39419977566361],[-99.25476429991775,19.393806445870233],[-99.25592349620842,19.39345484971571],[-99.2565901085563,19.39296032607713],[-99.25775960655771,19.392857735888985],[-99.25884578884344,19.392569948427365],[-99.25914553736273,19.392669502460475],[-99.25941578980628,19.393102927822973],[-99.25959511529713,19.39446225623846],[-99.25891050605829,19.39477327504715],[-99.25797518017697,19.395404249701826],[-99.25573582746901,19.397299152007275],[-99.25523674322157,19.39929143070905],[-99.25547064671952,19.400267715393262],[-99.25526314163676,19.401569629186774],[-99.25544697583251,19.402102346499262],[-99.25542433749925,19.402704616346146],[-99.25578094486191,19.403686571305094],[-99.2559364628729,19.403525180387952],[-99.25603298873247,19.403224685595983],[-99.25603431596052,19.402623695748858],[-99.25680652283808,19.400678768232012],[-99.25742387531827,19.401129928129297],[-99.25827719640394,19.402860859551716],[-99.2580335666779,19.404025579387806],[-99.25781053047139,19.404355394384297],[-99.25775640402246,19.404795095678125],[-99.25817340862719,19.404688494754154],[-99.25887775123957,19.40376884501613],[-99.25918744453345,19.40159314392257],[-99.25983304686143,19.400598654959992],[-99.26090965620077,19.39999837946428],[-99.26131272519777,19.399382992107647],[-99.26154418717628,19.398355489489113],[-99.26128876611578,19.397378440215093],[-99.26153951075354,19.396904519920206],[-99.26148697338184,19.396617170585913],[-99.26165135630542,19.396398024053333],[-99.26167281840057,19.395959731075937],[-99.26448083187499,19.394280072740386],[-99.2646358376909,19.39378308430848],[-99.2651159791255,19.39367851274245],[-99.26512366714095,19.393265416814963],[-99.26595675101234,19.393107694931448],[-99.26601595591755,19.39270080932623],[-99.26641984133782,19.39218577451023],[-99.2667180673218,19.392587657947388],[-99.26720885985478,19.392932964865896],[-99.26804252170874,19.39332458385436],[-99.26818834954061,19.392114526929248],[-99.26943329370172,19.391368620864093],[-99.26948786702367,19.39094479315051],[-99.26954244034562,19.390520965436927],[-99.27027291697857,19.39012149371533],[-99.27279378610869,19.389391502869046],[-99.27318651976553,19.387560045085298],[-99.27609169787638,19.385158183684638],[-99.27619315885252,19.3854010829291],[-99.27888827381368,19.383410042495647],[-99.28022435320081,19.382142783544303],[-99.28169552480587,19.381506346443178],[-99.28279194649883,19.381411961856358],[-99.2837606068376,19.379856275379442],[-99.28435125780065,19.379713883093828],[-99.28502817610993,19.378974707489412],[-99.28505924674472,19.37793037984759],[-99.2856366772428,19.37752353231333],[-99.28589779413572,19.37643851274042],[-99.28778461130109,19.376625000557215],[-99.28862585824159,19.375240488017432],[-99.2908853912734,19.374965863460815],[-99.29102759524751,19.373575658186628],[-99.29341436112709,19.37201315729107],[-99.29392666645109,19.370011105544492],[-99.29588551315207,19.36907431860674],[-99.29771199680167,19.369354672861583],[-99.29841204078443,19.369025544921648],[-99.29892788331948,19.36749774727643],[-99.30119933976172,19.369594383458708],[-99.30091374903617,19.37102261506569],[-99.30155267909429,19.37526760704484],[-99.30148094967842,19.377032015648176],[-99.30336760259114,19.377876005054514],[-99.30506474631035,19.376887559379753],[-99.30623230073304,19.373391058290434],[-99.30783720041478,19.371677341970347],[-99.30933850078038,19.37147850459821],[-99.31073531211649,19.37039669197103],[-99.31306451729537,19.370389963716754],[-99.31352893478947,19.369699089659242],[-99.31414697182997,19.367779803485963],[-99.31538660476589,19.365909385577226],[-99.3168283766269,19.366140247136],[-99.31760643861283,19.36564059138393],[-99.31802499108345,19.36401906068929],[-99.31949441752228,19.363545495873964],[-99.32072615415603,19.360659800324473],[-99.31815649420885,19.35817582123881],[-99.31909029511509,19.357385979125365],[-99.32021638208856,19.357624159762665],[-99.32221217461225,19.35858429252527],[-99.32351175471389,19.35802521666494],[-99.32617501027327,19.3537020313673],[-99.32746200939688,19.35395101391146],[-99.328494257799,19.35295014953762],[-99.32872454940993,19.3516214123952],[-99.32887943176513,19.350454152178003],[-99.32823083338702,19.34957007307285],[-99.32860123789408,19.34820527122016],[-99.32842494431193,19.3468697694701],[-99.32832271069016,19.344720262563172],[-99.33013999547053,19.34110458734275],[-99.33094099024665,19.339737972911344],[-99.3314461121407,19.33847095884545],[-99.33218213901459,19.334212044993272],[-99.33356121946139,19.330698162129558],[-99.35640045809149,19.306924419484098],[-99.35628117413884,19.30218365367982],[-99.35022466673374,19.296871103176063],[-99.35349996577112,19.296995712803977],[-99.35296224604936,19.296101340140293],[-99.35134155139075,19.29477010407932],[-99.35221986814337,19.29410895734863],[-99.35446117295072,19.29324415563738],[-99.3535518143281,19.291857704252287],[-99.3647064153218,19.2776355655162],[-99.36142621993915,19.27597720094554],[-99.34827245995206,19.274341479405855],[-99.34615788452273,19.27205051238044],[-99.34497264254901,19.269494655912624],[-99.341423343258,19.26789615258125],[-99.33934510720638,19.267835495989605],[-99.33755683696826,19.264265895341218],[-99.33971320639782,19.259825543857104],[-99.34217536889786,19.247605421331762],[-99.3423549307006,19.241365069032454],[-99.33102173625885,19.23814214730981],[-99.3266484610808,19.232680316017504],[-99.32310017169814,19.232647083925997],[-99.32183302379148,19.232536293120575],[-99.32125031799691,19.232414557229077]]],"type":"Polygon"}},{"type":"Feature","properties":{},"geometry":{"coordinates":[[-99.20716869187048,19.469721501671486],[-99.2068566960864,19.47121580303211],[-99.20522183817755,19.472086491960013],[-99.2034372222922,19.472745388579554],[-99.20094125601916,19.47333368686857],[-99.19077572154876,19.470522214623387],[-99.19042947413108,19.47044191729475],[-99.19070223245035,19.464682164715327]],"type":"LineString"}},{"type":"Feature","properties":{},"geometry":{"coordinates":[[-99.18054296886787,19.362787892273403],[-99.18124907051107,19.36278214948723],[-99.18247257422078,19.362385896709725],[-99.18348300850145,19.36186904584362],[-99.18381779831563,19.361673789868362],[-99.18453350733955,19.36169676115925],[-99.18540111800293,19.361660271837707],[-99.18591913992871,19.36174067138623],[-99.18650624234502,19.361942073923203],[-99.18779670396907,19.36277478018617],[-99.18826540941929,19.362924092619636],[-99.18903238189365,19.362878150357886],[-99.19102710571951,19.363378409617084],[-99.19071650489805,19.367250507082602],[-99.19194429906017,19.369377237690586],[-99.19166251023628,19.371674835106788],[-99.19206506577382,19.37294704461131],[-99.19188391581545,19.37528256740734],[-99.19160731412263,19.37794773302916],[-99.19174126216431,19.383000946575294],[-99.19033695856554,19.386492076550766],[-99.18844494788961,19.393744776086862],[-99.18886610807084,19.395430183503464],[-99.18887359352006,19.395574079450995],[-99.18648257849061,19.395634159709843],[-99.18297603506072,19.396531810372124],[-99.18221499790715,19.396861485985937],[-99.17965002047896,19.39739853484808],[-99.1791201131271,19.397239014999656],[-99.1752580670172,19.39805533808773],[-99.17493674021858,19.398523260184334],[-99.17036487998429,19.399810039011328],[-99.16661606023354,19.400676737614035],[-99.1638418328952,19.401899692187257],[-99.16023395305547,19.4029205872677],[-99.15656992015445,19.403973090125135],[-99.14797458352626,19.403905006165374],[-99.13658709027304,19.403164970986964],[-99.13719802389727,19.39903601352009],[-99.13097462731737,19.39873603759618]],"type":"LineString"}},{"type":"Feature","properties":{},"geometry":{"coordinates":[[-99.00870593966062,19.25069973154612],[-99.00864271621401,19.250777585841377],[-99.00834309205472,19.250678970395683],[-99.00818365890716,19.25072308790422],[-99.00794841717293,19.25053946110846],[-99.00767353262316,19.2510247527525],[-99.00759126343169,19.250933602050708],[-99.0070836135021,19.251637501021435],[-99.0093348439996,19.254159441570778],[-99.01063335172648,19.25526195509886],[-99.01121318851018,19.255670577112355],[-99.01136018938494,19.2556320279092],[-99.01182569215504,19.256187135558662],[-99.01177669186332,19.256742241329277],[-99.01299853956442,19.25813074512355],[-99.01395404525006,19.258639586121234],[-99.01600734151243,19.259481372532747],[-99.01626969146427,19.25987979350589],[-99.01704533483714,19.26005208336622],[-99.01810614116349,19.260450502952736],[-99.01969164739286,19.261053514538986],[-99.02032505090628,19.260923619558554],[-99.0213105711442,19.261047758910962],[-99.02251558948177,19.26136226895352],[-99.0237336944163,19.26157134515384],[-99.02517327297558,19.262002563973553],[-99.0255879251863,19.26210699235405],[-99.02585092511544,19.261773778122958],[-99.02630771446577,19.261656172939027],[-99.02685447747635,19.261499365895617],[-99.02741508258808,19.26174764364478],[-99.02771268777113,19.261584303062406],[-99.02950639665623,19.26239621727501],[-99.03032405788325,19.263063439966004],[-99.03055965518585,19.264332463865514],[-99.03110014001734,19.26507817388361],[-99.03266616914651,19.26679198689598],[-99.03388573165421,19.267890911001757],[-99.03529931546979,19.26982709269032],[-99.0353686087939,19.27024572356126],[-99.03634143585684,19.271033986810465],[-99.0373196959394,19.271611139630622],[-99.03893768144184,19.27207154137045],[-99.0413040911733,19.273541140085555],[-99.04756546200481,19.27548633166049],[-99.05059612573005,19.277367376165216],[-99.05462317205027,19.279326774558157],[-99.05742549809801,19.27940515000546],[-99.06462851393842,19.28205029939062],[-99.06892541315146,19.284871739527887],[-99.06153557557455,19.29241494905017],[-99.0614733023885,19.29435458805108],[-99.06209604150985,19.29466806084561],[-99.06271878063176,19.297646022448248],[-99.06352834148959,19.29878233561584],[-99.06462851393792,19.301701448785778],[-99.06334151975308,19.305502095256287],[-99.05997872849639,19.304307056141226],[-99.05379284783648,19.311751424107158],[-99.05225675800276,19.310536840528528],[-99.0503885406376,19.31284845958416],[-99.04885245080447,19.311751424107158],[-99.04661058996628,19.314650716171997],[-99.04594633490338,19.31396507741998],[-99.04528207983986,19.313318615391594],[-99.04509525851401,19.312750510051373],[-99.04472161504154,19.312994251233064],[-99.04360068462302,19.312073526345998],[-99.04181549914043,19.31432635465643],[-99.04173246725786,19.31413045777424],[-99.04048698901461,19.315286245982577],[-99.03951136439045,19.314365534004708],[-99.0386538428684,19.315750927396238],[-99.00428825346843,19.32731416032388],[-98.98012213835953,19.325998987706924],[-98.97974849488651,19.325783516515074],[-98.98059957168593,19.324882452085916],[-98.98024668618369,19.32427521021188],[-98.97937485141348,19.324079325255354],[-98.97891817605728,19.324236033239146],[-98.97886061655038,19.32468162102215],[-98.97849496450607,19.324800232141882],[-98.9784606846275,19.325317806928126],[-98.97830071185784,19.325317806928126],[-98.97835784498986,19.324875711900503],[-98.9774894214094,19.324724752344636],[-98.97762198575506,19.325280233704703],[-98.9766392958875,19.324816572929947],[-98.97655930950934,19.32420195080215],[-98.97610224445444,19.324320562270074],[-98.97620508409209,19.324697961821215],[-98.9758851385534,19.324676396156008],[-98.97572516578437,19.32522631972884],[-98.9715887270394,19.32518318853502],[-98.97118454424859,19.324856743798236],[-98.96897920535956,19.32458717304155],[-98.96839644741488,19.32557919123377],[-98.96105034509685,19.32588422169151]],"type":"LineString"}},{"type":"Feature","properties":{},"geometry":{"coordinates":[[-99.25574998965665,19.40368289987451],[-99.25535707072189,19.402665317340222],[-99.2554064984322,19.402114610897144],[-99.2552335014464,19.401526023113774],[-99.25541929907124,19.40022391957237],[-99.25523085595141,19.399204076034394],[-99.25571894644757,19.397264630078254],[-99.25813232465246,19.395317266901728],[-99.25951142809664,19.39455166953286],[-99.25968133585056,19.394236964673084],[-99.25937550203993,19.39312373388097],[-99.2591098280976,19.392672069975333],[-99.2587947264453,19.39253219960868],[-99.25775365675437,19.39282650966493],[-99.25663535481169,19.392928498301174],[-99.25594728780662,19.393386805129907],[-99.25497726899455,19.393634490855447],[-99.25466525657416,19.393771446329794],[-99.25438722570462,19.39398707812005],[-99.25429763798,19.394220193247676],[-99.2543995826322,19.39438337363812],[-99.25485678895099,19.39482920494271],[-99.25490499217611,19.39512305670641],[-99.25478451213253,19.395227957822556],[-99.25461460437862,19.395067692200826],[-99.2545281058859,19.394974446675107],[-99.25386392103044,19.3946160336898],[-99.25279806047367,19.393537767495886],[-99.25176316779216,19.39338624206583],[-99.2511213655537,19.39364122053948],[-99.25046644835682,19.393754864469017],[-99.24981482741411,19.393614088865917],[-99.24891883317466,19.393499043060814],[-99.24801591305479,19.39421004910055],[-99.24728067586342,19.394367401635918],[-99.24669990023925,19.393921569066478],[-99.24674932721561,19.392833734067096],[-99.24770160988831,19.392017939521423],[-99.24842449014943,19.390432728622528],[-99.24828959811438,19.38772834934595],[-99.24740607779506,19.386183893814263],[-99.24857331004436,19.385284282222017],[-99.24961908303887,19.384547412771795],[-99.25074548311449,19.383688108275507],[-99.25690480345509,19.379647343934465]],"type":"LineString"}},{"type":"Feature","properties":{},"geometry":{"coordinates":[[-99.31443434329695,19.271080465240345],[-99.31452056929331,19.26996599485149],[-99.31452836996984,19.268844421483664]],"type":"LineString"}},{"type":"Feature","properties":{},"geometry":{"coordinates":[[-99.09917970015161,19.320720066995477],[-99.0988350780378,19.320657792064296],[-99.09881308088153,19.320194189054533],[-99.09858577693441,19.31917702560385],[-99.0988644075104,19.31887256728612],[-99.09869348236194,19.318284871417177],[-99.08682063157148,19.30383780351326],[-99.08617735799828,19.303453543686715],[-99.07503080477765,19.28960126345966],[-99.06900548953412,19.284805081336827],[-99.0645615083194,19.281912533002156],[-99.05734862785201,19.27932673803869],[-99.05461917597513,19.27922442670409],[-99.05065936085028,19.277309470974316],[-99.04757632422957,19.275362853247458],[-99.04137935197096,19.273435685912133],[-99.03887642619691,19.271982457236618],[-99.03730912998859,19.27155418939823],[-99.03632956985805,19.271009119619762],[-99.03547374359316,19.270288846068595],[-99.03537184038909,19.269806707140873],[-99.03383547763146,19.267752930744336],[-99.03268718731336,19.26673107348398],[-99.03114051342365,19.265008206761877],[-99.03066971547632,19.264302003562406],[-99.0303603806985,19.262978200958628],[-99.02966953289685,19.2623746991313],[-99.02785408309397,19.26150954809134],[-99.02734883629003,19.26168475944327],[-99.0268126560082,19.26142194234626],[-99.02582278471834,19.26173342923005],[-99.02557531689573,19.262025447646067],[-99.0237564149663,19.261511469792794],[-99.02250705047189,19.261330088859893],[-99.02125210956805,19.26100131255302],[-99.02030080165706,19.26088629016347],[-99.01967753095624,19.261019008298234],[-99.01702795458793,19.260035146786777],[-99.01627815524883,19.25985376422031],[-99.01602404404531,19.259454942305183],[-99.0139482488184,19.258604414034963],[-99.01302505838214,19.25810892515166],[-99.01181772220633,19.256735477887133],[-99.01185029629592,19.25615516564571],[-99.01137698546334,19.255615428551252],[-99.01122233934922,19.255646397120188],[-99.0093669443638,19.254134518411433],[-99.00712186091121,19.251607976674592],[-99.00758192193103,19.250968298450275],[-99.00768501933992,19.251056782569876],[-99.00796150784646,19.250578967758045],[-99.0081817614019,19.250742663730236],[-99.00834578000726,19.250711694234525],[-99.00868318970977,19.25082229954957],[-99.00901694758005,19.250285686629283],[-99.00972457070623,19.248989383417154],[-99.00980423688624,19.24823283312338],[-99.01060089689655,19.247025319712137],[-99.01095705158258,19.246927984786424],[-99.01111638394205,19.24644573362309],[-99.01112107018794,19.246153727642465],[-99.0112101088597,19.246091786912885],[-99.01231802181577,19.246503513490268],[-99.01273363685704,19.245186131481177],[-99.01387239460283,19.245544504498184],[-99.01427737862015,19.24379990541246],[-99.01482389524023,19.242806163462262],[-99.0150769121936,19.241821970793126],[-99.0297204913017,19.223443015077848],[-99.09141231938477,19.210870657787808],[-99.09346550285773,19.210870657787808],[-99.09427067284673,19.211478923269965],[-99.09459274084233,19.211421898476402],[-99.09489467958812,19.210927682771498],[-99.09507584283573,19.209483043734735],[-99.0957401080773,19.20853261639415],[-99.09692773381128,19.208608650782693],[-99.09775303305008,19.208456581969344],[-99.09835691054226,19.20819046120677],[-99.09914195152814,19.20817145246052],[-99.09996373729457,19.20730044113958],[-99.10003560122391,19.20654489159803],[-99.10012756130469,19.206118168079428],[-99.10088767227745,19.205809466933857],[-99.10173482539922,19.20481564207823],[-99.10209528948413,19.20092703068306],[-99.10230165474968,19.20052878615884],[-99.10462550708577,19.199147632788822],[-99.10487674005878,19.19862228850316],[-99.10458065076504,19.198427400275975],[-99.1044729819311,19.1983596130121],[-99.10450887154258,19.19800372941944],[-99.10512796733869,19.19807151682994],[-99.13006821390603,19.146799902643238]],"type":"LineString"}},{"type":"Feature","properties":{"NOMGEO":"Miguel Hidalgo"},"geometry":{"coordinates":[[-99.09918042531439,19.32072704999041],[-99.10082311436543,19.29996574018122],[-99.1011462416058,19.29541411693353],[-99.1250229665479,19.285166628558557],[-99.13523524680559,19.282358545072526],[-99.13754729234007,19.282004048171842],[-99.1408354249888,19.282492025923304]],"type":"LineString"}},{"type":"Feature","properties":{},"geometry":{"coordinates":[[-99.14082395095681,19.28251120466419],[-99.14205507089905,19.273960531830866],[-99.14111959164025,19.273689497489002],[-99.14218156071858,19.270694957450218],[-99.14253352321194,19.270694957450218],[-99.14301515609745,19.2702228234147],[-99.14325597253993,19.269654512123125],[-99.1434134294448,19.269435930332605],[-99.14394193292756,19.269555395427716],[-99.14462733357246,19.268287616216213],[-99.14489593652767,19.267491970460767],[-99.14384004904812,19.267299615962727],[-99.14323800794084,19.267264642393158],[-99.1433289542694,19.266476839473214],[-99.14237201204477,19.26673035455171],[-99.14224835983785,19.266689500172774],[-99.14249566447732,19.264290746530833],[-99.14234728181404,19.264144835810285],[-99.14249566483193,19.263817995129557],[-99.142446203949,19.26326353212744],[-99.14239674306644,19.26315263930161],[-99.14232255174207,19.263035909930906],[-99.14223599519731,19.262965872268182],[-99.1420505168871,19.261897794207798],[-99.1420937951593,19.26139001695246],[-99.14227927346988,19.260993132485353],[-99.1422443714736,19.26007600704075],[-99.14191051051496,19.259661609621844],[-99.14161955388805,19.259158944024108],[-99.14147735384873,19.25900719210729],[-99.14107969038042,19.258808986317774],[-99.14070423475934,19.258474917563944],[-99.14012925199722,19.257914599841143],[-99.14002414762138,19.257611093608205],[-99.14012925199722,19.257424320262857],[-99.14068568691168,19.25704493622942],[-99.14069637910256,19.256779607318194],[-99.14060363994713,19.25647284337336],[-99.13996064847136,19.256245211750397],[-99.13960874634681,19.255535061572814],[-99.13952869715685,19.25484412504261],[-99.13947151917341,19.25450805842914],[-99.14011275805734,19.2539586667812],[-99.14028429205804,19.25327851964343],[-99.14024998525777,19.253073395350455],[-99.14042151925848,19.25250120517535],[-99.14057018205901,19.252047770034494],[-99.14071884486236,19.25160512974128],[-99.14081032966308,19.251259653575204],[-99.1416451284671,19.25105452675659],[-99.14187384046828,19.250752234136726],[-99.14204537452095,19.250503921844825],[-99.14231982892183,19.25033118269262],[-99.14235143558034,19.249216958384366],[-99.1417681393591,19.248734088206177],[-99.14086073462735,19.248256968863046]],"type":"LineString"}},{"type":"Feature","properties":{},"geometry":{"coordinates":[[-99.14087379779068,19.248278227249287],[-99.14002445952686,19.24750312789159],[-99.13948586842768,19.246453868369898],[-99.13912681128888,19.246009950377555],[-99.13885324120626,19.245888881212508],[-99.1403407785288,19.243612764275852],[-99.14106744905908,19.243580478696458],[-99.14161458922385,19.2437419065009],[-99.14176847239511,19.243556264511938],[-99.14216172938812,19.243717692340198],[-99.14235835788486,19.244105118481528],[-99.14415366154944,19.24469432731793],[-99.14417373437591,19.243451954724407],[-99.14403694933648,19.242701312757447],[-99.14412545228224,19.241817217300905],[-99.14408270695724,19.240848636732565],[-99.14392882378597,19.240453131357924],[-99.14389462752558,19.239613688220416],[-99.14604110372431,19.239305097749693],[-99.14615224157059,19.239458458162005],[-99.14634032100176,19.24005575524602],[-99.14681051958064,19.24040283228318],[-99.147323463485,19.24049969085965],[-99.14462848777012,19.234509067202495],[-99.14484480827839,19.234418959051382],[-99.1449580360611,19.234312459286656],[-99.14521956106312,19.234366208903452],[-99.14541504902284,19.23446505066356],[-99.14590434512893,19.234283761735668],[-99.146419696915,19.23416962457901],[-99.14757764847077,19.23445196413371],[-99.14822339280433,19.234783476769294],[-99.14838245199763,19.234969699813504],[-99.14831246595278,19.235119879533883],[-99.14812795728847,19.235312109376494],[-99.1481088701856,19.235744625697407],[-99.14798162283101,19.235954876275528],[-99.14804524650813,19.236171133732213],[-99.14819158096594,19.236189155174117],[-99.14831246595278,19.235858761759317],[-99.14836972726239,19.23564250389201],[-99.14863465625643,19.23554927263406],[-99.14878195451149,19.23542266701402],[-99.14887739004396,19.2350922720549],[-99.14921817406555,19.2347244257914],[-99.14933269670819,19.234544209662715],[-99.14931217301012,19.2343093468576],[-99.14924783063373,19.234222531496513],[-99.14928460124668,19.234035007526003],[-99.14955182071823,19.23401698586521],[-99.14972360464668,19.23421522421745],[-99.14990811331934,19.23411910868954],[-99.15044244558489,19.234135161510608],[-99.15049334452685,19.234501601649683],[-99.15053151873299,19.234639767391286],[-99.15071602739728,19.23461573857557],[-99.15070966503028,19.234321385282996],[-99.15065784465611,19.233858041821605],[-99.15051151019829,19.233569694421504],[-99.15061330808152,19.233023034386534],[-99.15060525215112,19.23250020266056],[-99.15070705003346,19.232265918496054],[-99.15087883396191,19.23197756829981],[-99.15118422761269,19.231466946918786],[-99.15143235995411,19.231190609980573],[-99.1516614051923,19.230914272576754],[-99.1517759272446,19.23049355135987],[-99.15179501434746,19.230067028579597],[-99.15233581560454,19.22923200190172],[-99.15257758557784,19.22831887434441],[-99.15269210819694,19.227784211774235],[-99.15286773785445,19.226915460193652],[-99.15299498520903,19.226536988129865],[-99.15328765412431,19.226134485137052],[-99.15335764016919,19.226032357355464],[-99.15312223251414,19.225317461107238],[-99.15267812061859,19.224941748026538],[-99.15225820408364,19.22471346060462],[-99.15161325155023,19.224602471311684],[-99.15117424838921,19.2243861986656],[-99.15108517928815,19.224019732910676],[-99.15112335349461,19.223653269387654],[-99.15116152770074,19.223412964994253],[-99.15121878901047,19.223286805047366],[-99.15147964608703,19.223202698361817],[-99.15160689344161,19.223400949765306],[-99.15175322789942,19.22308254587992],[-99.1519822731376,19.22268604206471],[-99.15222404310299,19.22234360618056],[-99.15226221725068,19.221817838410374],[-99.15233220330805,19.2212857062666],[-99.15255488613667,19.220714974475143],[-99.15319397717234,19.220849109151473],[-99.15333413334189,19.22161185292292],[-99.1535631785797,19.222272696402456],[-99.15429484435636,19.220812833810257],[-99.13881723166942,19.216409305797654],[-99.13265889513569,19.209835753904457],[-99.13276446366362,19.209470255029743],[-99.13276446366362,19.20835713694794],[-99.13237741324807,19.207991633844856],[-99.13243019285039,19.20726062520255],[-99.13253575205455,19.206529613310124],[-99.13204314243434,19.20589828224314],[-99.13125144806558,19.205300176651505],[-99.13132932427766,19.20492615933931],[-99.13092468066132,19.20419513707145],[-99.13014466213669,19.203955160995278],[-99.1302603638092,19.20319031612641],[-99.12937813855595,19.202985446361396],[-99.1294938441335,19.200622598755714],[-99.12897318660694,19.200048953816918],[-99.12890087306178,19.19943433202087],[-99.1291911279084,19.198790515880162]],"type":"LineString"}},{"type":"Feature","properties":{},"geometry":{"coordinates":[[-99.12919936223527,19.198803177988154],[-99.12904687801998,19.198839944844707],[-99.12899496848662,19.198692877359846],[-99.12900794611161,19.19822525866101],[-99.12930614438757,19.197683346480403],[-99.1296346810541,19.197351354034467],[-99.12968212328494,19.197183338787127],[-99.12971770495828,19.19684730777783],[-99.13013282447952,19.1963320588968],[-99.13037003563427,19.196253651317406],[-99.13057166507024,19.195996026139326],[-99.13025830057639,19.195597806233565],[-99.13012783444105,19.19532897889121],[-99.13016191955134,19.194641775411412],[-99.1303169175092,19.193771908242482],[-99.13102291631232,19.192113561654182],[-99.13125370834925,19.191231239136442],[-99.1310677227599,19.190509121894863],[-99.13071641664675,19.19004071982789],[-99.12939823667558,19.18958605905459],[-99.12840631336422,19.18888345137445],[-99.127732512443,19.18855358643519],[-99.12735357905801,19.18807860344063],[-99.12725744618568,19.187497350211174],[-99.12723678112071,19.18718507660239],[-99.12767074749547,19.18628728667818],[-99.12862135114725,19.185350461639928],[-99.12903465245705,19.184667353444695],[-99.12932396337355,19.184589283755997],[-99.129551279094,19.184277004632094],[-99.1298405900105,19.184257487167102],[-99.1302952213478,19.18400375981696],[-99.13028524031346,19.182890594815277],[-99.13030590537899,19.18212940556141],[-99.13078120199833,19.181680497578796],[-99.13137416257638,19.180770266069374],[-99.13198544512306,19.179442999668538],[-99.13237371604703,19.17773177053172],[-99.13217323605521,19.176841300968846],[-99.1322418086099,19.175379491034064],[-99.13244465759522,19.173918141660977],[-99.13152053754318,19.173181813954713],[-99.13045052012572,19.17197278144789],[-99.12991633530888,19.171146354384604],[-99.12944798289874,19.17032101797038],[-99.1292544997289,19.169786712057956],[-99.12931611990756,19.16949783892821],[-99.12945188234697,19.169390976739194],[-99.13029379420396,19.169541201917056],[-99.13045837150943,19.169360125041152],[-99.1305880029745,19.167896824817035],[-99.13018568022439,19.1668152297037],[-99.1301566115841,19.16559988630071],[-99.13021186180539,19.1646624728768],[-99.13008586715482,19.163006601444224],[-99.13017871094947,19.161515708615596],[-99.1309214616711,19.160024802186584],[-99.13373968523281,19.157195691874165],[-99.1335539976431,19.156377135304155],[-99.13358494549739,19.15482771345802],[-99.13421080841715,19.151930325108566],[-99.13408701650641,19.15119944750792],[-99.13354068213788,19.149860861381313],[-99.13303038844349,19.148399741315515],[-99.13312323223857,19.147756555773313],[-99.13315418017027,19.147405726239825]],"type":"LineString"}},{"type":"Feature","properties":{},"geometry":{"coordinates":[[-99.1331633929138,19.147426658856787],[-99.1328990263002,19.147188533303606],[-99.1325301426289,19.147089798212193],[-99.13194607685405,19.14680520851533],[-99.1316017854503,19.146752936885548],[-99.13091935070292,19.146915559680806],[-99.13005862219288,19.1467994005572]],"type":"LineString"}},{"type":"Feature","properties":{},"geometry":{"coordinates":[[-99.13606714560896,19.089598760511137],[-99.13738677868118,19.0937349444644],[-99.13914556319136,19.096913352236285],[-99.14618970802468,19.104722704259487],[-99.1545112167295,19.1132819612218],[-99.14337354494252,19.144014784481698],[-99.14345667415749,19.15631086444037],[-99.13345011981275,19.14790903789958],[-99.13474067097182,19.152225269627635],[-99.13396873578286,19.155430475298502],[-99.13422731280444,19.15720259396656],[-99.13082906474838,19.16086675030118],[-99.1301930162519,19.16274374925294],[-99.13042338581215,19.16574355985449],[-99.13030820122067,19.166749930906605],[-99.13073992394393,19.1679891196178],[-99.13050955434669,19.16962109576643],[-99.13008172509518,19.169745436144225],[-99.1296538955348,19.169574468300155],[-99.12924252125457,19.169683266166658],[-99.12986781016032,19.170880037953296],[-99.13050086659364,19.171929279683326],[-99.13147170989501,19.173079408485037],[-99.13262355787982,19.173840975841884],[-99.13231091342722,19.17550397803909],[-99.13227800352038,19.17684058445768],[-99.13250837311716,19.177679843412548],[-99.13194777045108,19.179945773276856],[-99.13079592250176,19.18173304518791],[-99.13045036810662,19.1822769936564],[-99.13048327804913,19.18412640501181],[-99.12961116417263,19.184390605100006],[-99.1292985193263,19.184779133799893],[-99.12899241418032,19.184873924545727],[-99.12854812995757,19.185682060494628],[-99.12761019659825,19.186381405710392],[-99.12724818723181,19.187267238720295],[-99.12742919191525,19.188153066964375],[-99.12848231007251,19.18875915722745],[-99.1294696085345,19.189551733241913],[-99.13107197337972,19.190158509587903],[-99.13128588800569,19.191261889574207],[-99.13110488288284,19.192132156045048],[-99.13058704026416,19.193279162150418],[-99.13025794056749,19.194351440952758],[-99.13024148554115,19.195306186404423],[-99.13063640485012,19.196083191032812],[-99.1303530750689,19.196291678062707],[-99.13014119596065,19.19642299241032],[-99.12979027118752,19.196854453098965],[-99.12972405896633,19.19747350341531],[-99.12932016441594,19.197829925268124],[-99.12906193661772,19.198236370291596],[-99.12907039752172,19.19881372636273],[-99.12934186762936,19.19873869069565],[-99.12899094285623,19.199313963267144],[-99.12893585916025,19.199515791489816],[-99.12902855627044,19.200041037958428],[-99.1295781177075,19.20066632918673],[-99.12945742092093,19.20295779360589],[-99.13029831625052,19.203145377880006],[-99.13019899791855,19.203939482347607],[-99.13095381724169,19.204177087663794],[-99.13139743912464,19.20493367072639],[-99.13127163590444,19.205327592761236],[-99.13214786593781,19.205932208500784],[-99.1325981090429,19.20656373001337],[-99.13241271481625,19.207958070901213],[-99.13282323058841,19.20848329041354],[-99.1328045683475,19.209542222658342],[-99.1327052500155,19.209823587752467],[-99.13890240070643,19.216355772633975],[-99.15438098648116,19.220760301675043],[-99.15361364224654,19.222323149552793],[-99.15350449386406,19.222283509870863],[-99.15315186062782,19.22090404298723],[-99.152606118715,19.220769266865673],[-99.1524046139698,19.221292514731772],[-99.15227027746064,19.222373467695945],[-99.15159859530212,19.223475446522073],[-99.15144710869949,19.22333375895333],[-99.15117843575781,19.223357542611623],[-99.15112805958107,19.22401555579016],[-99.15121201987516,19.224372308822026],[-99.1516271407574,19.224559452852503],[-99.15234513775746,19.22469918462083],[-99.1528329372465,19.225004523996176],[-99.15313986726161,19.22528398665584],[-99.15343035459792,19.22614824780007],[-99.15301928761295,19.226582964261823],[-99.15237254358466,19.229276729350076],[-99.15184089695106,19.230120269179054],[-99.15175304140782,19.23082376759146],[-99.15162698086601,19.23105664492546],[-99.15122139477421,19.23146029818774],[-99.1506568627817,19.232443551982158],[-99.15064602416813,19.233121738890432],[-99.1505469078056,19.233554264054476],[-99.1507168154926,19.233869936890457],[-99.15076614353093,19.234625479243178],[-99.15048113708843,19.234672053658244],[-99.15042084726377,19.234185609118455],[-99.14992208598908,19.23413903456543],[-99.14972477383633,19.234237358606336],[-99.14952746168358,19.23403553551141],[-99.14928082149247,19.2340665852345],[-99.14929178327877,19.23422183376171],[-99.1493685157199,19.234387432060032],[-99.14931918768218,19.234666878756173],[-99.14905610481163,19.235013598996147],[-99.14885331176573,19.23530856937012],[-99.14873243664545,19.235561924232655],[-99.14846387268577,19.235701646700292],[-99.14829944589127,19.236017315407054],[-99.14817338534948,19.236234660720882],[-99.1479979967693,19.236172562090005],[-99.14793222611041,19.236017315386235],[-99.1480308821871,19.23574304588888],[-99.1480911720103,19.235437726475837],[-99.14812953832838,19.235262617833328],[-99.14831040780167,19.235050446155284],[-99.14832685048111,19.234921073045612],[-99.1481459810078,19.23479687476562],[-99.14764721959581,19.234538128043226],[-99.14640369691708,19.234191100557936],[-99.14537328900875,19.23449124734934],[-99.14496222202379,19.23434634896624],[-99.14480327612308,19.234460197706582],[-99.1446552920087,19.23451712204718],[-99.1473684460188,19.24053128553885],[-99.14669524087735,19.24043104408807],[-99.14632028268792,19.240108497180316],[-99.14615363460359,19.239424066277678],[-99.14591199488152,19.239353262917774],[-99.14393721508254,19.239691545361126],[-99.14397887721428,19.24047037904694],[-99.144201409975,19.24089565702522],[-99.144201409975,19.241934093484474],[-99.14411808593258,19.24271291651698],[-99.14424307199619,19.24349173585408],[-99.144201409975,19.244766159524957],[-99.14230162257006,19.244113208717465],[-99.142109977273,19.243727734401816],[-99.14182667550955,19.243641199225436],[-99.14163091435131,19.2437503634264],[-99.1410809756733,19.243608760408065],[-99.1403393916982,19.243648094592103],[-99.13892288298146,19.245827193651536],[-99.139164522704,19.24592946112793],[-99.1397550897571,19.246725568756588],[-99.14008648161806,19.24746202417279],[-99.14090305741229,19.248201487816672],[-99.14191963238626,19.248713952576935],[-99.14244496988017,19.24920952898657],[-99.14241164026322,19.25043670919679],[-99.1421116737115,19.250562573315207],[-99.14169505350085,19.25106602882154],[-99.14087847788807,19.251286290119637],[-99.14032581961175,19.253102427953863],[-99.14030915480376,19.253464281152432],[-99.14015917152788,19.254022792132133],[-99.13954257361593,19.254494771759866],[-99.13968422448755,19.25552525589248],[-99.13998419103928,19.256241084570647],[-99.14060078895123,19.256390542912015],[-99.14071744261014,19.256791719889733],[-99.14074243982287,19.257129966383644],[-99.14014250671939,19.257531141553628],[-99.14009796546948,19.257738380960873],[-99.14023857712195,19.258008387874867],[-99.14117942695529,19.2588100609279],[-99.14163770918714,19.25906177621718],[-99.14198767016384,19.259722527013835],[-99.14230130070838,19.260063961252754],[-99.14231796551684,19.261102276391185],[-99.14209299060283,19.26170795718582],[-99.14229248299561,19.262937287071935],[-99.1425424551209,19.26335417982375],[-99.1425341226677,19.26394412062433],[-99.14247579582113,19.26409041491553],[-99.14260911428849,19.264302792876634],[-99.14231367176755,19.266674259694213],[-99.142413660618,19.266650662497852],[-99.14338021950714,19.266414690348228],[-99.14329689546472,19.267248457090375],[-99.14498837352046,19.26746083095999],[-99.14395965590421,19.26957718488849],[-99.14345137924738,19.269506394542972],[-99.14315974509991,19.26997832960032],[-99.14302642663252,19.27029295221722],[-99.14267646565533,19.270607574230056],[-99.14250981757098,19.270749153939164],[-99.1421598565938,19.270749153939164],[-99.14118893950015,19.273662773826402],[-99.14212216891518,19.27392233165901],[-99.14086984575188,19.282530036902727],[-99.13750657932938,19.282186556883005],[-99.12480745061828,19.285389991002816],[-99.10123853480302,19.295482120976658],[-99.10097162795289,19.299947236273837],[-99.10920505361764,19.29932643397521],[-99.12252955475837,19.302927304911094],[-99.13464153631531,19.308064795094808],[-99.1427191560922,19.29930533802043],[-99.14732923581154,19.301130694171988],[-99.1516617344882,19.297859825321865],[-99.15696923202422,19.29668242462823],[-99.15885180593693,19.299315509012217],[-99.1604622004886,19.300407263280988],[-99.16204991342676,19.301028061478505],[-99.17848042558477,19.303486882940504],[-99.19476944622083,19.301721290344673],[-99.19712833401462,19.302192237135074],[-99.2013056204762,19.304611626802867],[-99.20599017493089,19.305636262329713],[-99.21323203022821,19.307003840341736],[-99.21610189634075,19.307879301885535],[-99.21873985408021,19.309958504267584],[-99.21966748757117,19.311736748488016],[-99.22150357318117,19.310943419092553],[-99.22510101073723,19.310812024986106],[-99.22520066747806,19.30996628987714],[-99.22626193047432,19.309102196615342],[-99.22730238439276,19.308414846442503],[-99.22767694791082,19.30802207351593],[-99.227656138833,19.307040137327803],[-99.22871740182924,19.306509889335246],[-99.22930005602345,19.306450972785285],[-99.22969542856491,19.306274222954002],[-99.23002837385476,19.305979639527408],[-99.23093384182192,19.30552742856372],[-99.23189655430073,19.304989596289943],[-99.23191899371214,19.30488868237319],[-99.23193452538175,19.304456259991085],[-99.23201994956406,19.303884581190317]],"type":"LineString"}},{"type":"Feature","properties":{"NOMGEO":"Miguel Hidalgo"},"geometry":{"coordinates":[[-99.23202405071228,19.3039073600669],[-99.23225568177094,19.30376021973713],[-99.23232695285229,19.302978271746028],[-99.2325313778406,19.302981537886637],[-99.23267161633353,19.302368042741932],[-99.23299602775867,19.301790352325867],[-99.23227987423505,19.301432183243534],[-99.23289809223414,19.30092958982212],[-99.23327759239167,19.300790943088757],[-99.23340613245794,19.30079672026679],[-99.2333143179037,19.30003993813837],[-99.23286136610285,19.299993722322938],[-99.23271446280911,19.299941729497746],[-99.23267522263812,19.299834184258458],[-99.23274867428177,19.299614658741234],[-99.23267522263812,19.29915827580089],[-99.23272419033576,19.29837260170885],[-99.23246098860999,19.29783533651971],[-99.23298206963274,19.29701396553719],[-99.23324378369476,19.296616606223466],[-99.23367225163422,19.29633352821405],[-99.23408847761358,19.29616021491151],[-99.23435780030597,19.295825142006194],[-99.23478626822924,19.29552473122709],[-99.23535551846588,19.295137662685534],[-99.23554526854464,19.294958570961043],[-99.23585131705887,19.295085668333925],[-99.23605330918852,19.295126108316822],[-99.23606301198727,19.294910570728717],[-99.23598896422125,19.2947683922891],[-99.23590382088933,19.294502919496338],[-99.23607164741456,19.294380519331],[-99.23666666884388,19.294330119281184],[-99.23709407843252,19.29427498675234],[-99.23752592203873,19.294327735352155],[-99.2385402621722,19.294687735697167],[-99.23879200196025,19.294558135665568],[-99.23900559935569,19.294594135684846],[-99.2391886828378,19.29447173558698],[-99.23951670740941,19.294478935595293],[-99.23982947505715,19.294320535322186],[-99.24024141289158,19.29408293465218],[-99.24076777790219,19.294154934891864],[-99.24106937724424,19.29406366904726],[-99.24137606859078,19.29399643017547],[-99.24164227559115,19.29363749315543],[-99.24170203634661,19.29345289666773],[-99.24200627291864,19.293247789213694],[-99.24179982667312,19.29288885055186],[-99.242343106267,19.29288885055186],[-99.24270172958549,19.292257918562797],[-99.24294077260504,19.291555419340128],[-99.24295294495796,19.290924089090595],[-99.24278169855917,19.28931713745412],[-99.24242856682288,19.289265859319272],[-99.24220700845098,19.289024627937494],[-99.24181041434778,19.28879900362149],[-99.24135949219747,19.288352881830434],[-99.24091400293072,19.287922142462833],[-99.24095203249593,19.287593959313952],[-99.24082707818904,19.28725551976531],[-99.24102643225002,19.286756445515493],[-99.24153711507492,19.286489794854035],[-99.24173031476573,19.286122900991685],[-99.24174118035762,19.28584599347083],[-99.24255609974722,19.284461448841142]],"type":"LineString"}},{"type":"Feature","properties":{},"geometry":{"coordinates":[[-99.3156565492616,19.227068982968163],[-99.31533431690147,19.22919482749309],[-99.3154347529616,19.229238292428875]],"type":"LineString"}},{"type":"Feature","properties":{},"geometry":{"coordinates":[[[-99.12702732815583,19.58859010315929],[-99.13374758382916,19.58622578873762],[-99.13372637084773,19.584926722273508],[-99.13785203420218,19.581123421243007],[-99.13914602606478,19.578415269666962],[-99.13951884603013,19.575470860673477],[-99.1436341644111,19.572252938966585],[-99.1447584524224,19.570793860124695],[-99.14581379949762,19.56874302511646],[-99.14578198002552,19.567433823732713],[-99.14596229036692,19.565874760887553],[-99.1467471706768,19.564635495048563],[-99.14892150126445,19.562536716659807],[-99.14923969598506,19.56195704924282],[-99.15091553650863,19.560502010657302],[-99.15152010647711,19.561261581289884],[-99.15282470482983,19.561961182654358],[-99.1532595709476,19.56153142788982],[-99.15428840054254,19.561421490440182],[-99.15612332342877,19.560182190373396],[-99.15808412470525,19.557333368454096],[-99.15808412470525,19.55664374162663],[-99.15775532349456,19.55604406372798],[-99.1575007677188,19.5550945691608],[-99.15802048576161,19.553775262169736],[-99.16085445020408,19.54935303149358],[-99.15993168551562,19.54913313991817],[-99.15940136098207,19.54915313007379],[-99.15847859629362,19.54880330199434],[-99.1586270871629,19.548283556019328],[-99.15135327549672,19.544998182796917],[-99.15113583776447,19.544773443998963],[-99.15395500531973,19.540285669056743],[-99.1579198961724,19.535480019370368],[-99.15853012506528,19.533939389340034],[-99.15582956459103,19.532416272853283],[-99.15832195719472,19.529194028587213],[-99.15842027623042,19.5288326429977],[-99.15701431401645,19.528165467477848],[-99.15734859873861,19.527850411413496],[-99.15907901377108,19.52700253689477],[-99.15986147600475,19.526994935536237],[-99.17597698337744,19.53198399727023],[-99.1760812908685,19.530878060917786],[-99.17694182767013,19.52937889066162],[-99.17623775210525,19.528985663373177],[-99.17529898468541,19.53006703611348],[-99.17128034088444,19.527272913679255],[-99.17453994998104,19.524127027560723],[-99.17417487376217,19.52358632221599],[-99.17023726597354,19.522209973173062],[-99.16311827970685,19.518424952863725],[-99.142741356141,19.4653342119352],[-99.14261143520064,19.465726195736508],[-99.14175395699425,19.465946686207943],[-99.14128624160902,19.465603700900218],[-99.13312728641304,19.465015738339943],[-99.12743674922665,19.461659331651234],[-99.11712192735202,19.458129639410984],[-99.11171721623455,19.454013569411842],[-99.10149199391118,19.449956304590415],[-99.1002094787029,19.450063069750954],[-99.09477878337526,19.45190065876909],[-99.09384335260484,19.451802654552523],[-99.09280398508214,19.451337133716905],[-99.08708746370762,19.4458487873803],[-99.08079155420283,19.450196960573706],[-99.07788132513963,19.4497314351308],[-99.06860496999997,19.446301206479177],[-99.06735772897284,19.446668734445723],[-99.06239474905244,19.444978098906873],[-99.05244336028548,19.448775692000027],[-99.05088430900165,19.450098768608356],[-99.06344613140205,19.478443217623962],[-99.06309589261434,19.4799044404909],[-99.06364156056439,19.480140559556617],[-99.06322581374964,19.481267407546156],[-99.06457699152904,19.481512373444033],[-99.06802992069774,19.489077731810255],[-99.06395859489523,19.49861132966204],[-99.09740613510195,19.512635361240683],[-99.10335651416909,19.511214827098343],[-99.10592894878745,19.509843265049824],[-99.10673445861751,19.510578031879902],[-99.1074100475072,19.509769788183704],[-99.1076439051998,19.510871937676512],[-99.10782579451612,19.510578031879902],[-99.10870925691063,19.51052904752828],[-99.10904456673912,19.510920921887134],[-99.10946031372195,19.510235141031316],[-99.11010991842386,19.51060252397302],[-99.11052566543277,19.51104338240158],[-99.11439730945459,19.511018890298132],[-99.11593037655025,19.512978246845876],[-99.11685321281543,19.513260256580267],[-99.12082879358947,19.516101276442328],[-99.12529807393686,19.52053414735228],[-99.12602563120286,19.521464789891837],[-99.12729885641814,19.52401178417273],[-99.1281450498123,19.52459012630692],[-99.12744373126418,19.535101027673022],[-99.1306359147866,19.536059390494856],[-99.1280605319729,19.539553044332493],[-99.12342504702019,19.54495316787566],[-99.12272373748827,19.545549588352472],[-99.1210987519883,19.54907970766324],[-99.11846746821826,19.552268527827295],[-99.11561091476024,19.554089938709424],[-99.1157477556444,19.556556064033018],[-99.10809842257343,19.564881824203425],[-99.11187865199996,19.568814448861687],[-99.11465218152479,19.57980299429117],[-99.11694426633504,19.5814629356434],[-99.11857740355542,19.584545152416794],[-99.11789319913456,19.59073340240451],[-99.11950107952393,19.591990361620702],[-99.12372604182417,19.59273164065965],[-99.12702732815583,19.58859010315929]]],"type":"Polygon"}},{"type":"Feature","properties":{},"geometry":{"coordinates":[[[-99.15720497717946,19.503003011788763],[-99.16427520957978,19.505077112834613],[-99.17256793075222,19.508529964273805],[-99.17306144812193,19.50861205579686],[-99.17393236112767,19.507900594541468],[-99.17529679150272,19.507517498723217],[-99.17727086098145,19.506231384695297],[-99.18238555267149,19.50748447202612],[-99.1881335785073,19.509783033794207],[-99.19190753486397,19.510603940794184],[-99.19199462616479,19.51123330000469],[-99.20427460612305,19.515042393649736],[-99.20479715392634,19.515042393649736],[-99.20926784068753,19.51244291187794],[-99.21068409780297,19.509376364451654],[-99.21181628478367,19.503657248735962],[-99.21811177938294,19.48462581251998],[-99.22046458795957,19.478173193882824],[-99.22107422921448,19.475125113842296],[-99.20690737766,19.4713207092786],[-99.2051945820825,19.47222392132511],[-99.20362693867264,19.47274395021998],[-99.20092710835617,19.473428196222983],[-99.19030303757586,19.470501584607632],[-99.19062237234472,19.464781095841886],[-99.18800501411812,19.463802185362738],[-99.1884985314878,19.460900790166264],[-99.1845503925299,19.459970142974072],[-99.16375825016539,19.456467828186902],[-99.16340988496333,19.457973316724818],[-99.16224620760414,19.460194540241062],[-99.16111402069711,19.46065986386091],[-99.15995280335694,19.46309594807535],[-99.159168981652,19.463807606218566],[-99.15780455127654,19.464272919469238],[-99.15051791246489,19.46312331960027],[-99.14871802558696,19.4634244060684],[-99.14294096931755,19.465313026612563],[-99.15720497717946,19.503003011788763]]],"type":"Polygon"}},{"type":"Feature","properties":{},"geometry":{"coordinates":[[[-99.18853930709041,19.46078942828869],[-99.18803660716131,19.463771511119305],[-99.19075502186615,19.464703531622106],[-99.19050895812511,19.47045338185623],[-99.20092131020526,19.473342508865727],[-99.20362324966895,19.472752261297813],[-99.2050401206927,19.472208610428297],[-99.20683565085957,19.4711977410998],[-99.20718163091257,19.46975316491485],[-99.20777473957543,19.46973763176848],[-99.20899390738246,19.470001695068873],[-99.20990004561695,19.46938036897113],[-99.21093798577694,19.46819984282348],[-99.21158052016182,19.467904709943085],[-99.21153109443976,19.467500843025945],[-99.21187707449323,19.467221242262696],[-99.2124372326747,19.466382437079233],[-99.21359046334588,19.462884355998895],[-99.21247014698247,19.46257367960729],[-99.21391996816209,19.460492132446007],[-99.21423299773419,19.458612503452684],[-99.21535375364505,19.45617109750671],[-99.21728135679881,19.453654497443296],[-99.21851699984656,19.453064178194694],[-99.21996682102228,19.452831156847523],[-99.21999966074279,19.448518611544813],[-99.22011498742712,19.446763126643077],[-99.21995023502072,19.44587760935501],[-99.21948892828337,19.444945480672658],[-99.21822033475426,19.44415316708377],[-99.21876401769552,19.44393566855939],[-99.22053572779701,19.443803691577614],[-99.22963006062645,19.437418421263175],[-99.22864154618854,19.436874651846267],[-99.22870744715081,19.436719288821607],[-99.2282131899321,19.43592693508161],[-99.22809786324775,19.43617551706332],[-99.22727410121578,19.435942471465836],[-99.2275706555472,19.43524333266913],[-99.2273564774192,19.4347772384657],[-99.22633501249993,19.434280069840625],[-99.22618673533421,19.43382950945866],[-99.22684574495933,19.431747593533075],[-99.22667053383988,19.431174964558934],[-99.22522071266415,19.430646711127153],[-99.22492415833274,19.430335973011623],[-99.22350728763837,19.42960573610067],[-99.22311188186332,19.429232847900707],[-99.22286475325348,19.4281141781659],[-99.22268352560685,19.42749269165084],[-99.22232107031103,19.42701103796712],[-99.22278237704884,19.426467233704045],[-99.22429809918732,19.427026575205133],[-99.22571496988168,19.4264206218252],[-99.22707810228363,19.42429034826847],[-99.22770416142738,19.42401067304857],[-99.22809956720245,19.423544546612604],[-99.2286762006246,19.423125031676193],[-99.22938463597225,19.422161696983963],[-99.23068617998229,19.421633414244013],[-99.2309497838323,19.421478036640224],[-99.23103216003527,19.42105851636967],[-99.23159231821676,19.42068560855259],[-99.23155936773583,19.42046807859785],[-99.23185592206679,19.419955328266454],[-99.23231722880462,19.41983102491176],[-99.23291033746746,19.419287196618896],[-99.23365971450588,19.416737457880856],[-99.23438462509374,19.41653546088297],[-99.23464822894424,19.41592946838236],[-99.23537313953211,19.415447780424557],[-99.23710303979857,19.412371159151107],[-99.23891531626799,19.41198269272995],[-99.23977202878089,19.412277927295136],[-99.241600780491,19.41150099307832],[-99.24285289877942,19.410941598143282],[-99.24357780944365,19.410708516334182],[-99.24422014140656,19.409986395390263],[-99.24838837728666,19.408696664381054],[-99.24922861455933,19.407608931482144],[-99.25005237659084,19.40725153194144],[-99.2506125347723,19.406583348085604],[-99.2521117816701,19.406132710911052],[-99.25289259247683,19.40574611610353],[-99.25327112200839,19.40506294874001],[-99.254490289815,19.404814319164004],[-99.25579183382501,19.40360224453805],[-99.25537995280925,19.40284080842372],[-99.2553305270872,19.40220368567047],[-99.25519872516216,19.401442243009896],[-99.25536347756857,19.40029230244039],[-99.25526462612493,19.399204513340095],[-99.25570246110095,19.397206864434466],[-99.25791014334592,19.395373123834617],[-99.25893160826519,19.394704891191523],[-99.25950824168736,19.39447178613476],[-99.25944234072462,19.393943413438365],[-99.2593081664907,19.39311081941426],[-99.25892923591628,19.39266014491217],[-99.25820432532842,19.39281555005023],[-99.25767711762786,19.392924333557715],[-99.25658975174629,19.393033116993394],[-99.25601311832415,19.39340608821999],[-99.25553533634566,19.393592573512336],[-99.2547610000362,19.39377905859098],[-99.25446444569148,19.394167568513936],[-99.25454682189444,19.394447295063983],[-99.25484337622585,19.394633779163286],[-99.2549587029102,19.39503782731319],[-99.25479395050428,19.395270931558358],[-99.25436559424737,19.39508444818823],[-99.25270159494366,19.39354595223668],[-99.25169660526505,19.39339054779687],[-99.25126824900862,19.39368581610644],[-99.2504444869771,19.39381013944444],[-99.24887933911654,19.39357703310702],[-99.24808852756642,19.394245270380964],[-99.24724829029422,19.39443175471267],[-99.24665360312197,19.393872550939392],[-99.246785405047,19.392769178414824],[-99.24769154328195,19.391929988670057],[-99.24835055290752,19.39037592216299],[-99.24820227574183,19.387702893066262],[-99.24747736515396,19.386226491901738],[-99.24561566296198,19.3874076139044],[-99.24322675307042,19.386956923624368],[-99.24185930809766,19.38760964707275],[-99.23963515987866,19.38922590371618],[-99.23915737790061,19.390624574121503],[-99.239190328382,19.39203877309069],[-99.2388608235692,19.392738097710648],[-99.23823476442497,19.39315769104111],[-99.23764165576215,19.393561742854587],[-99.23698264613702,19.39357728328899],[-99.23579647021234,19.39363944032098],[-99.23281445165746,19.394991451912915],[-99.23121635331603,19.394836048853335],[-99.22955235401231,19.395457660203107],[-99.22910752251518,19.395597522429128],[-99.22689984027022,19.395970487778953],[-99.22522618961393,19.39556881412122],[-99.22291965592531,19.396128261923664],[-99.21837248951036,19.39788429392088],[-99.21827363806672,19.397542413070397],[-99.21272068049899,19.399791734587964],[-99.21059537445699,19.40050656566423],[-99.2018062201973,19.40158681999783],[-99.19803339009226,19.40318739799936],[-99.19211988570405,19.4038722392809],[-99.19219466757802,19.401383004030507],[-99.19179926180296,19.400808034552398],[-99.19107435121511,19.400217523243455],[-99.190761321643,19.39967362935242],[-99.18891609469219,19.395633217816567],[-99.1865930857629,19.39566429828824],[-99.18222714699502,19.396938592513635],[-99.17965477092302,19.397513574315056],[-99.17909461274157,19.397296013361625],[-99.17530530739585,19.398166255431093],[-99.175091129229,19.398585834742605],[-99.17046158661108,19.39992226541203],[-99.17122364099815,19.40352373244562],[-99.18437087247528,19.407719335772924],[-99.17782421638617,19.41922737313935],[-99.17765668017142,19.41933270995075],[-99.17729926958124,19.419922594838553],[-99.17709822612419,19.420133267493085],[-99.17668497012907,19.420259670955474],[-99.17631639045791,19.421018089662667],[-99.17645041942971,19.42130249576506],[-99.17565741468246,19.4225875838015],[-99.1754898784677,19.42274558572656],[-99.17526649684932,19.422640251127305],[-99.17526649684932,19.42284038680863],[-99.17497610074439,19.4231669234444],[-99.17773486373831,19.423609326872295],[-99.16840816834194,19.43833543848595],[-99.16588274365684,19.4436916216264],[-99.16438172930103,19.45012396141138],[-99.1642141930869,19.452662076589817],[-99.16375511758596,19.456440053406965],[-99.18542314341784,19.45998906135513],[-99.18853930709041,19.46078942828869]]],"type":"Polygon"}},{"type":"Feature","properties":{},"geometry":{"coordinates":[[[-99.12595111614141,19.404393950775457],[-99.12617595526265,19.406905435616764],[-99.12613118956672,19.40745625135864],[-99.12663438092534,19.409066594085374],[-99.12742252228905,19.409087240562954],[-99.12807854322519,19.4142910079386],[-99.12715004585708,19.420515469917504],[-99.12602428503158,19.423092127527156],[-99.12307247287663,19.442497632261563],[-99.12601935378653,19.44760305157797],[-99.12551256379571,19.45026384651065],[-99.12498604950059,19.45189011421469],[-99.12323717945395,19.458337396817285],[-99.12220529181202,19.459865306985776],[-99.12747622134331,19.46166199899355],[-99.13313955726372,19.464993993463594],[-99.14128092221102,19.46557788573911],[-99.14174918465046,19.465878043038884],[-99.14250004048876,19.46567416019859],[-99.14272712139439,19.46517733010495],[-99.1478378852407,19.463609196825942],[-99.15049886109799,19.463038993270743],[-99.15766448163652,19.464065369933437],[-99.15902515120102,19.463837282239723],[-99.15978113406028,19.46326707298195],[-99.16086991446444,19.460644293984018],[-99.16220024976302,19.459988646357075],[-99.16307711780534,19.45816433475585],[-99.16365159760068,19.456425673579744],[-99.16416570173412,19.450298662290052],[-99.16561878593657,19.444087254207332],[-99.16823112305956,19.438524643529433],[-99.17762310252203,19.42363766859266],[-99.17492786755484,19.423189236474684],[-99.17522957133596,19.422845545832644],[-99.17525276775409,19.422626574740704],[-99.17555447533861,19.42268679057547],[-99.17644769094838,19.42129658743947],[-99.17627360876783,19.421012039551556],[-99.17664467097902,19.42022963907239],[-99.17705062589873,19.420038166178486],[-99.17718829345027,19.419648015517282],[-99.18392573224541,19.40791358115615],[-99.17123571736104,19.403613274949947],[-99.17029326482806,19.40006124524976],[-99.16667538580298,19.400668791682264],[-99.16419743979004,19.40197741727883],[-99.15636648524044,19.404080653345048],[-99.14803965123092,19.404033910993974],[-99.13075636704849,19.402772919943743],[-99.12595111614141,19.404393950775457]]],"type":"Polygon"}},{"type":"Feature","properties":{},"geometry":{"coordinates":[[[-99.12580498433428,19.404467531744345],[-99.1133885383554,19.405864846576122],[-99.09843896240378,19.40902195350951],[-99.0971413807106,19.4090822880122],[-99.0791975391595,19.40683898355944],[-99.0783084185957,19.40706050842593],[-99.07773887028188,19.40752851877167],[-99.07724329021453,19.408107701972355],[-99.07742754308751,19.408612100074322],[-99.07004601320297,19.419901556924685],[-99.06863669673919,19.420822421364832],[-99.05721943494777,19.42113432798888],[-99.05603428114436,19.422139533132324],[-99.05556780562307,19.423852093239148],[-99.04803005334195,19.44004658764301],[-99.04645036136834,19.44246409729287],[-99.04714677674777,19.44313691110851],[-99.05089839744876,19.450039954750068],[-99.05240211278668,19.44874029998094],[-99.06234965772644,19.44489434029927],[-99.0673742332175,19.44661612882662],[-99.0686466258529,19.44626201677295],[-99.07788595017729,19.449684561790875],[-99.08074776751272,19.45011214993427],[-99.08707412920859,19.44581186965013],[-99.09276934140543,19.451237540618664],[-99.0939612678847,19.45178216792948],[-99.09452960420774,19.45177145038926],[-99.10012233464299,19.45002827995664],[-99.10143085707963,19.44987147763679],[-99.11179420082357,19.45396493778398],[-99.1170226660211,19.458013561674775],[-99.1221709845925,19.45971931456772],[-99.1232604907389,19.45803573677587],[-99.12533615875968,19.45048228471859],[-99.12597983286541,19.447592469943245],[-99.12299252294443,19.44265671077359],[-99.12583564381417,19.423167992705842],[-99.12697003238272,19.42070398498592],[-99.12803999102576,19.41421545704263],[-99.12727480556416,19.40908068746444],[-99.12652991314322,19.409190842183264],[-99.12608917241084,19.4076269203739],[-99.12580498433428,19.404467531744345]]],"type":"Polygon"}},{"type":"Feature","properties":{},"geometry":{"coordinates":[[[-99.13541771587369,19.377453094079385],[-99.13404941209295,19.37754668919756],[-99.122562475164,19.375737252370257],[-99.12257852716061,19.38242533842518],[-99.11663712118589,19.382102426452903],[-99.09590444397708,19.379732070309302],[-99.08877450315188,19.390407221193712],[-99.08678852830107,19.390077738751174],[-99.08647081076805,19.390204626133723],[-99.08459475610132,19.38961919231467],[-99.0839847150463,19.392777471374956],[-99.06677920442297,19.383603963692664],[-99.06097311657437,19.382728435385204],[-99.05589462838441,19.421835793406103],[-99.05602296122225,19.422118025854914],[-99.05719679747916,19.421117602682017],[-99.06860853941845,19.420821619284865],[-99.07004266423927,19.41983096475937],[-99.07741905122161,19.40862206022669],[-99.07722159859657,19.408207016448344],[-99.07817960635873,19.407015310305994],[-99.0789341125782,19.40685324974656],[-99.09715240543802,19.409119104428243],[-99.09846592128463,19.40897889806898],[-99.11347205767349,19.405827793053135],[-99.11831423619364,19.405280925038753],[-99.12562306529509,19.404429011746927],[-99.13066137784281,19.402747495913005],[-99.13651297189855,19.40312315520464],[-99.13709160476277,19.399122996244188],[-99.1309372572964,19.398874312297124],[-99.13098699415936,19.39710041250676],[-99.13541771587369,19.377453094079385]]],"type":"Polygon"}},{"type":"Feature","properties":{},"geometry":{"coordinates":[[[-99.13106226966892,19.398740579151863],[-99.13721303322838,19.398958929385387],[-99.13674717410737,19.40310985392422],[-99.14796760555691,19.403985902199906],[-99.15665727527626,19.40403014927365],[-99.16416048559333,19.401912328782842],[-99.1665035031676,19.400604506116466],[-99.17026554710388,19.399907462656287],[-99.17506039142815,19.398604135961236],[-99.17521386202664,19.398075599362485],[-99.179036350856,19.397358537358656],[-99.1796203153085,19.397322758708455],[-99.18236569766015,19.39673969588324],[-99.18643658284866,19.395581213923933],[-99.18879295732663,19.395561525624956],[-99.18859165463925,19.39369158274694],[-99.19162669755467,19.382940637587865],[-99.19170099815705,19.378200112392335],[-99.19199419820757,19.374445022590493],[-99.19207082126029,19.373290549627924],[-99.19196273115493,19.372738317485698],[-99.19174360431255,19.37203124812953],[-99.19173309201577,19.371443954615046],[-99.19175703683968,19.370714619971693],[-99.19184683498064,19.369770126739297],[-99.19154625554103,19.36871441266078],[-99.19073338766508,19.36709273292219],[-99.19100113963214,19.363464735169728],[-99.18906129433212,19.362822145219994],[-99.18798434506505,19.36295983261884],[-99.18688378962501,19.362128239029104],[-99.18546398992768,19.36158165548825],[-99.18444118094833,19.36160688828153],[-99.18370746782007,19.361751709351566],[-99.18286218197332,19.362136153785727],[-99.18157649383168,19.362650594118918],[-99.18020440754415,19.36268729084712],[-99.17967906113843,19.363110875364598],[-99.1794444388986,19.3634914543736],[-99.17765845852622,19.365300908720045],[-99.17458345301111,19.362247571334663],[-99.1733212966308,19.360513090643394],[-99.1699174973969,19.35867774046484],[-99.1400827853664,19.356826223945305],[-99.1310849659218,19.397163890533847],[-99.13106226966892,19.398740579151863]]],"type":"Polygon"}},{"type":"Feature","properties":{},"geometry":{"coordinates":[[[-99.0689479476564,19.285128302966868],[-99.061727504082,19.292527750039213],[-99.06161818672024,19.294229379871794],[-99.06222161389582,19.294715598817845],[-99.06283569563949,19.297625601911093],[-99.06375164762086,19.298682173257376],[-99.06484414661765,19.301850162856454],[-99.06348189773561,19.305710175056547],[-99.05998041472873,19.304296338387033],[-99.05382019314692,19.311784663276],[-99.05229577599681,19.310736002256036],[-99.05036269024322,19.31299502733249],[-99.04889663194359,19.311773323002384],[-99.04665842172348,19.31481734133925],[-99.04516155688417,19.31314806966668],[-99.04462226178396,19.3133100747862],[-99.04369964469495,19.312213480293877],[-99.04160938734962,19.314419964847588],[-99.040442487493,19.31530567913984],[-99.03955421960097,19.314507042897034],[-99.03876135024649,19.315864450265536],[-99.00419429307415,19.327394750421817],[-98.98006593449996,19.326039043034825],[-98.97952344352548,19.32578596068565],[-98.98059061442828,19.324892602833074],[-98.98021459775676,19.324295290491037],[-98.97940346460982,19.324172779845924],[-98.97893016274057,19.32429877517771],[-98.97886165334651,19.32471933536793],[-98.97857827728238,19.324798573922507],[-98.97852791962637,19.32532838039421],[-98.97833913719234,19.325263034232904],[-98.97826121820759,19.32503204065233],[-98.97792526884811,19.324913846361824],[-98.97768162637492,19.324875272520543],[-98.9777319129276,19.325296910175652],[-98.97654133299486,19.324913397249205],[-98.9764475490153,19.32434894926513],[-98.9761713669025,19.324352501048594],[-98.9762704629146,19.32471095157409],[-98.97596779174135,19.324793044969667],[-98.97567681690202,19.325302485639853],[-98.97160521506906,19.325307926909872],[-98.97109601454927,19.324860910670324],[-98.9689629995384,19.324635492008227],[-98.96846125558713,19.325661161333656],[-98.96118336853513,19.32592167096331],[-98.97520274459562,19.337914171192196],[-98.97773289452941,19.342146907292985],[-98.99493568029456,19.35799190190197],[-98.99376741875318,19.359567596979588],[-98.9917642121717,19.367469667264018],[-99.00972914419405,19.378066994715724],[-99.01910406117427,19.382987599460833],[-99.05835600296649,19.40080047169836],[-99.06088280910244,19.38274384498027],[-99.06680653220455,19.38354795414783],[-99.08389724686198,19.39258618110661],[-99.08459374622467,19.38954815278244],[-99.08639834466953,19.390211170760253],[-99.08688121398254,19.389965397084154],[-99.08878900857171,19.39032255401186],[-99.09586748844762,19.37971467289792],[-99.1158816988904,19.38183137388029],[-99.12240515036154,19.382362161108688],[-99.12251808810804,19.375746940478294],[-99.13408176553206,19.377423851144854],[-99.1354614872041,19.37729788074489],[-99.13981514132097,19.35695364450099],[-99.13551454634312,19.356581890737758],[-99.13298336310498,19.356696211599214],[-99.13107330785871,19.358474391284716],[-99.12183703810896,19.35743467053061],[-99.12144442166034,19.353893842413186],[-99.12047721610709,19.351001742886723],[-99.11896723901725,19.34923564534806],[-99.1150095907429,19.34250069537279],[-99.11429215917165,19.340948852870085],[-99.11354642050158,19.337437074819263],[-99.11184927562364,19.334219031539874],[-99.11024452434258,19.33304893222568],[-99.10942582167684,19.331081653416504],[-99.10867963055023,19.33039646363241],[-99.10748351769838,19.3282602929456],[-99.1042090473559,19.324833017681314],[-99.10063864953219,19.323007566726446],[-99.09911676298584,19.320613784919118],[-99.0986581844732,19.320587618825968],[-99.09853766447759,19.319066289337925],[-99.09863793966707,19.318139631037866],[-99.08706940669697,19.304034730309986],[-99.08611640781577,19.303628767718575],[-99.07501410877782,19.289840919005336],[-99.07196456640804,19.28765784348933],[-99.0689479476564,19.285128302966868]]],"type":"Polygon"}},{"type":"Feature","properties":{},"geometry":{"coordinates":[[[-99.09926662045346,19.320780513449563],[-99.10065112228529,19.32296917150805],[-99.10213860123466,19.323687697890787],[-99.1034356740426,19.32442888453747],[-99.10430954779203,19.324852310733384],[-99.1074965086096,19.328212810363496],[-99.10876331664751,19.330342984586068],[-99.10945455983025,19.33110211616973],[-99.11017484741541,19.33282088724674],[-99.11187013983628,19.33412877179967],[-99.11358774636591,19.3374021944137],[-99.11436158990092,19.34113197486296],[-99.11894122275221,19.349090360081746],[-99.1205667218635,19.35103184927847],[-99.1215047794502,19.354042087333625],[-99.12190727122895,19.357421989616228],[-99.13101294609321,19.35845704376119],[-99.13290086346176,19.35669389894727],[-99.13530516354507,19.356397591350017],[-99.16988315306239,19.358651059717815],[-99.17170870559674,19.359552896257554],[-99.17272922748106,19.357091325231593],[-99.17540184197686,19.354064704687957],[-99.17694365923761,19.352741085953255],[-99.1773312272335,19.35196170595418],[-99.1801310589198,19.349517962275073],[-99.18069606142734,19.34731697506716],[-99.18086846204841,19.347047528420447],[-99.18183958852386,19.34735271744367],[-99.1823413509719,19.346575933597393],[-99.18289174974166,19.346465236116686],[-99.183078991665,19.346222865739804],[-99.18352229167878,19.34454703486884],[-99.18396089338005,19.343715238609676],[-99.18441349093584,19.343598803355874],[-99.18642089313094,19.342188563118825],[-99.18687706037622,19.341304677255664],[-99.18772380887435,19.340956752415394],[-99.18835808030072,19.340355755985485],[-99.1891175379775,19.339798086138345],[-99.1901563876072,19.338755163657723],[-99.19015904604836,19.33795398901468],[-99.19068789053028,19.33745934123327],[-99.19071848622339,19.33662199544132],[-99.19127780430489,19.336923625490783],[-99.1978542279193,19.335438161336],[-99.1984577627531,19.33518871088917],[-99.19997676394289,19.33329831055103],[-99.1969565534248,19.33371311451434],[-99.19637449288012,19.333478907686484],[-99.19631088723885,19.33268751088808],[-99.19477920431049,19.330415582194362],[-99.1949428165399,19.323023661609653],[-99.19456347485625,19.32237503329722],[-99.20146646123587,19.311534031022106],[-99.20030784105673,19.311338971572567],[-99.20525415496081,19.30628230350497],[-99.20560492307726,19.306523607387618],[-99.2056986277994,19.305685092087586],[-99.2013016033376,19.30481471043825],[-99.1970786312088,19.30230997205345],[-99.19454010914583,19.302037651594986],[-99.18078927805152,19.303441542326397],[-99.17844988703519,19.303497839666164],[-99.16197568166164,19.301109227863606],[-99.16023076995164,19.300436512798044],[-99.15879346850359,19.299474096447213],[-99.15680171913016,19.2968202101615],[-99.15163726742722,19.297960660268217],[-99.14730843917735,19.301251077546908],[-99.14267261243573,19.29958167919716],[-99.13464936190539,19.308217655654076],[-99.12254277137096,19.303152340325852],[-99.10925940022985,19.29951529381168],[-99.10092203839757,19.300030207105266],[-99.09926662045346,19.320780513449563]]],"type":"Polygon"}},{"type":"Feature","properties":{},"geometry":{"coordinates":[[[-98.96856994353466,19.210461619482174],[-98.96774935587102,19.21086235713247],[-98.96724948781264,19.211604550427765],[-98.9642973752999,19.213288235767294],[-98.9635966808645,19.21303544199948],[-98.96263454082197,19.214179761054552],[-98.95976411047087,19.213884588220054],[-98.96004373441801,19.21441565982731],[-98.95752467318883,19.215130094871412],[-98.95395327538776,19.21466162291857],[-98.9536774419099,19.215448084481338],[-98.95326588797079,19.215487087198383],[-98.95233516966441,19.216315678703197],[-98.95104126734563,19.2181739099056],[-98.9426901030026,19.215796971108773],[-98.94032864898469,19.22320610961306],[-98.9685703626803,19.232199721478835],[-98.9659472114323,19.24997028607305],[-98.97659192241834,19.25311939400686],[-98.96727402285042,19.30600286962064],[-98.96621897619174,19.306080040083714],[-98.96520060190319,19.306427290693804],[-98.96468840341309,19.30689619795224],[-98.9630050443769,19.316612523889006],[-98.95791856716902,19.323265024691793],[-98.96115648480651,19.325853889176955],[-98.96846331525298,19.32560049517936],[-98.96902570056682,19.324651210030183],[-98.97114524214896,19.3248306084936],[-98.97160673712233,19.325228676651065],[-98.97573667770406,19.325270514601513],[-98.97600319793439,19.324732258179708],[-98.97618596916955,19.324753540725965],[-98.97612989428218,19.324338995223428],[-98.97646065034417,19.324326301212977],[-98.9765941346448,19.324898530100157],[-98.97767138668011,19.325294877417107],[-98.97763638415678,19.324853053132983],[-98.97827142474556,19.32497655596579],[-98.97831182644005,19.325296769629375],[-98.97848210234415,19.325319900862368],[-98.97851815351054,19.324843401426648],[-98.97886558536327,19.324622859909027],[-98.97891926887209,19.3242524806832],[-98.97942104127485,19.32419032112641],[-98.98017981646426,19.324210948473535],[-98.98061636657845,19.324834986670794],[-98.97957576800866,19.32573798090168],[-98.98001602030632,19.325999032994204],[-99.00426103636185,19.327384318891518],[-99.0386731557551,19.315897752039618],[-99.03956330786625,19.314436892290644],[-99.0404163834026,19.315148609567927],[-99.04161879751332,19.314277223001767],[-99.04348281219849,19.3124121938812],[-99.04373010538772,19.312057756944256],[-99.04459369557291,19.31320135240884],[-99.04528101085795,19.31309965234891],[-99.04663324806444,19.314604357240327],[-99.04889928468992,19.311841889552255],[-99.05034939871922,19.31301427983675],[-99.05218884251634,19.310632756995176],[-99.05389853517886,19.311708956266457],[-99.05971091216018,19.304417321595153],[-99.0633352827258,19.30547682320433],[-99.06456466755152,19.301918857075037],[-99.0636125723823,19.298929054297858],[-99.06273874130721,19.297585067498375],[-99.0622669148724,19.295137949817715],[-99.06158370661315,19.294202160719735],[-99.06160642474659,19.292469066674172],[-99.06901903500376,19.284922048818203],[-99.0646638009092,19.28207760572795],[-99.05733372134874,19.27949587036224],[-99.05456385913968,19.279457466434536],[-99.05038609423005,19.277181939192346],[-99.04775103830578,19.275615512892116],[-99.04118885021072,19.27359542853209],[-99.03880863200956,19.27193382039283],[-99.03713246792508,19.271519795621714],[-99.03544964792312,19.27036188260449],[-99.03528526402685,19.26972410090859],[-99.03379098487265,19.26776579741282],[-99.03100537104731,19.264895050605702],[-99.03060553954049,19.26407138481362],[-99.03027508149057,19.26296155528003],[-99.02948432579184,19.262324892405346],[-99.02770511343981,19.261628532642163],[-99.02733309406965,19.26179992487606],[-99.02677009070992,19.26156335414869],[-99.0258474291307,19.261758084833346],[-99.02554319147366,19.26215210048322],[-99.02366434827667,19.261412322479842],[-99.02212797706181,19.26143615183433],[-99.02082628008307,19.261018095856542],[-99.01972970995193,19.26109315722958],[-99.01711395484331,19.25999713087502],[-99.01627856295839,19.259975369631363],[-99.01580932528593,19.259375927984934],[-99.01305915762191,19.2582125373862],[-99.0117887946429,19.25679800740862],[-99.0118444402154,19.256153472630487],[-99.01136633968393,19.2556537642739],[-99.01105722113525,19.25561175400091],[-99.00941386271265,19.254253272208075],[-99.00702470423995,19.251622835536935],[-99.00754469972915,19.250975371977745],[-99.00771326096861,19.250984575956423],[-99.00795803552084,19.250483978220885],[-99.00822768075395,19.25073644275625],[-99.00841158556933,19.250692021797448],[-99.00870616700377,19.250820403965406],[-99.00970233213647,19.249030461848818],[-99.00978606362484,19.24821831685857],[-99.01058794131751,19.24701134701577],[-99.01093025766438,19.246923230661935],[-99.01111719816221,19.246436864659913],[-99.01110165453788,19.24622385986541],[-99.01118534588872,19.246071054327885],[-99.01229402722228,19.246477967254847],[-99.01271063190347,19.24510573750389],[-99.0138870548871,19.245502625147836],[-99.01425756648742,19.243912540425356],[-99.01482917660309,19.24281690603985],[-99.01506150501338,19.241827657011868],[-99.02960014027448,19.223505378281658],[-99.00035019363827,19.226439155425226],[-99.0036306937096,19.227091358704612],[-99.00340511235434,19.22776061815682],[-98.99987739915008,19.22679361700179],[-98.9996016150434,19.22758744256106],[-98.99899659756751,19.227359080474045],[-98.99874763370089,19.227780802513536],[-98.99742634548781,19.227507881472434],[-98.99748474779662,19.226578904609894],[-98.99696687528068,19.226555173202314],[-98.99634456122214,19.22632937036255],[-98.99625741626215,19.226124738000024],[-98.99608674288666,19.226019578357054],[-98.99635483189273,19.22530758448451],[-98.99578272954768,19.22507433917456],[-98.99518432890471,19.227529440646236],[-98.99374204348773,19.22753544511799],[-98.99329641390605,19.22485696428253],[-98.99144693953275,19.224709255903804],[-98.99141402456445,19.22544696056345],[-98.9906706926839,19.225952022720207],[-98.97852205474864,19.215249604957528],[-98.9749335408923,19.214656890953645],[-98.97360277080018,19.21410837521711],[-98.97272509629444,19.213030220572428],[-98.97189501186344,19.21223868638485],[-98.96856994353466,19.210461619482174]]],"type":"Polygon"}},{"type":"Feature","properties":{},"geometry":{"coordinates":[[[-99.13317044320354,19.147417995993905],[-99.13289832626671,19.147123387806715],[-99.13226661456348,19.1469564665111],[-99.13159922498329,19.146732808389302],[-99.13085918247815,19.146941655084618],[-99.13002443135728,19.146817211433756],[-99.10499767877863,19.198041097965998],[-99.1046546547322,19.197937998519194],[-99.10448895973914,19.198289552055428],[-99.10476998626362,19.198632667618654],[-99.1047075716343,19.19923823501452],[-99.10235848599837,19.200547872513923],[-99.10208479840843,19.20110777145193],[-99.10180112272573,19.204919997866483],[-99.10093178202715,19.205818138636403],[-99.10007768282466,19.20619466113031],[-99.09996144382039,19.20721211280201],[-99.09918721033794,19.208192335467785],[-99.09839316964822,19.208194491236355],[-99.09747631197116,19.208561065220565],[-99.09668732735983,19.20871635378417],[-99.0957061893041,19.208573094871184],[-99.09512140930426,19.2094675535905],[-99.09486441185413,19.21098669893142],[-99.09458255111775,19.21137465882373],[-99.09419741001707,19.211508621799126],[-99.09350866196185,19.21091814172719],[-99.09095185565424,19.210849094598473],[-99.0297494983312,19.22343607389334],[-99.01508594212282,19.2419153443862],[-99.01490363376553,19.24284875581168],[-99.01430818404938,19.24379432367516],[-99.01392371374344,19.245541571392252],[-99.01278859101627,19.245268646740314],[-99.01239671061,19.246502532439365],[-99.01123229216923,19.24620944858293],[-99.01098495163316,19.246907489532845],[-99.01050624675894,19.247149831502696],[-99.00976528782351,19.24831289034617],[-99.00982978866642,19.249013755924977],[-99.00874018921436,19.250889820394335],[-99.00835749492707,19.250746002871935],[-99.00820930330416,19.25080094304944],[-99.00795007316526,19.250608284749276],[-99.00766587436561,19.251054655830245],[-99.00755866918588,19.250988013968637],[-99.0070525094524,19.25162400917958],[-99.00937749323046,19.254151201838283],[-99.01107351511429,19.25557508543747],[-99.01126200874585,19.255604940669528],[-99.01139664705457,19.25562626583158],[-99.01185539528467,19.25620343134206],[-99.0118467655292,19.25673898841474],[-99.01308395404293,19.25819553898512],[-99.0158755342819,19.259375944664697],[-99.01629865181313,19.25995097705689],[-99.01709922730333,19.260013049019435],[-99.01968365297213,19.261050993081852],[-99.020809689213,19.260976241163036],[-99.02214208726834,19.261422449133036],[-99.0236716053386,19.261386964298694],[-99.02552184787848,19.26211004994478],[-99.02581384591022,19.26174865620331],[-99.0268792003693,19.261476957543394],[-99.02728969014206,19.26169626501874],[-99.02782905717794,19.261604254566635],[-99.02952953324163,19.262290170170786],[-99.03034950264782,19.263033348887774],[-99.03069826101017,19.26421162363603],[-99.03099335784043,19.264911847856226],[-99.03385009583103,19.26777186511916],[-99.03535223889077,19.269785225542094],[-99.03548423491239,19.27033236982301],[-99.03644078235266,19.27104441561721],[-99.03721207204788,19.27147480228352],[-99.03880807077398,19.27191703034248],[-99.04118416778716,19.273582822192935],[-99.04775660133109,19.27555066187948],[-99.05059811120663,19.27727092627903],[-99.05457796446407,19.27939864412754],[-99.05736223853874,19.279505743126805],[-99.06464301590104,19.281997218830824],[-99.06903782947055,19.284910144352537],[-99.06899643583664,19.28513313443969],[-99.07219975347665,19.28779069407487],[-99.07502696057465,19.289776302994127],[-99.08605800409832,19.303551174844458],[-99.08693872266588,19.30386916354057],[-99.09870576064544,19.318148750018068],[-99.09854983822889,19.319146826660372],[-99.0986884698391,19.32057722896623],[-99.09914218750667,19.32057895337475],[-99.09924371010264,19.32075082858745],[-99.10088753254861,19.29999991767656],[-99.10120244923283,19.29553151851384],[-99.10730910931336,19.292768924749637],[-99.1101064540824,19.291521896497272],[-99.11627674214088,19.289079613252312],[-99.1225106295719,19.28631231278709],[-99.1264052044022,19.28484280999855],[-99.13030320734148,19.283704568642236],[-99.13380751789016,19.282718792115475],[-99.13533024103884,19.282415878885388],[-99.13667106716237,19.28228704381435],[-99.1408647980321,19.28241371057158],[-99.1421017918713,19.273844396837156],[-99.14113988420338,19.27372136564228],[-99.14220964114433,19.27078010327729],[-99.14253857255527,19.270802245372032],[-99.14306142063417,19.27027536180538],[-99.14347818675515,19.269440274637155],[-99.14398567728091,19.269469049978056],[-99.14491716303378,19.267481599856744],[-99.14327521330564,19.267233519855537],[-99.14331182732845,19.266498242155222],[-99.142320240829,19.266663169626888],[-99.14246744634355,19.26417606899303],[-99.14253574753509,19.26386552402123],[-99.14257635718289,19.263388252870143],[-99.14226917954986,19.263052480572874],[-99.14205807921176,19.26154033267044],[-99.1423035587663,19.260979601924106],[-99.14228840863986,19.260079478670484],[-99.1421036409738,19.259839551254323],[-99.1416361730097,19.25908134952039],[-99.14108751657733,19.25880119567762],[-99.14019899549798,19.25794154556663],[-99.14004945914614,19.257616444660677],[-99.14074197704583,19.257171979461795],[-99.14057582102762,19.25637818415587],[-99.13999122845912,19.256273628500853],[-99.13964741730602,19.255673389087633],[-99.13953773714216,19.25452187698138],[-99.14014970753306,19.254099234398357],[-99.14020612982816,19.25293880216404],[-99.14081685211741,19.2512775195305],[-99.14173213403,19.251127703739556],[-99.14227400766882,19.250483221746414],[-99.1424427179772,19.24923804651072],[-99.14186408758958,19.2487125999466],[-99.14084901771149,19.248212142348486],[-99.14003943734545,19.247486128370088],[-99.13942964418045,19.246300650284482],[-99.1389499004583,19.245903690745138],[-99.14035506707593,19.243659409821834],[-99.14109731563694,19.243660460153123],[-99.14160668190226,19.24377521673427],[-99.14180328415917,19.243635186378345],[-99.14211094019973,19.243724335943945],[-99.1423283400897,19.24415961694992],[-99.1441977475284,19.244698961205394],[-99.14426353228576,19.24361290452917],[-99.14409654624252,19.24259983976485],[-99.14420035359167,19.240874989445242],[-99.14397156683839,19.239590071441725],[-99.14608496857934,19.239317036343017],[-99.14631220289245,19.24005353071775],[-99.14669120767923,19.240429629273756],[-99.14730825951256,19.240509740511357],[-99.14464898583321,19.234516278850005],[-99.14495562245776,19.23438279809144],[-99.14533010252774,19.234466726990814],[-99.14642405585306,19.234192889929112],[-99.147666079199,19.234493664642457],[-99.14834129837519,19.234903162611957],[-99.14835120993796,19.235100378060352],[-99.14811436914644,19.235296678860145],[-99.14808955984321,19.23569739712792],[-99.14796818999493,19.235987494497884],[-99.14808618791524,19.236203596546005],[-99.14820710276855,19.23618058773109],[-99.14834786013834,19.235963902738455],[-99.14837035672979,19.235708800422817],[-99.14873069620742,19.23551231429711],[-99.14894507348527,19.235082444922064],[-99.14932870625103,19.234664355080664],[-99.14930247577388,19.23428119208404],[-99.14930988589003,19.234032350173248],[-99.14953591680474,19.234049451720466],[-99.14973725902757,19.234239478869096],[-99.15035295826472,19.23410723950189],[-99.15053036771282,19.234590480151542],[-99.1507279109301,19.23460985918036],[-99.15069898499391,19.233906694358712],[-99.15053789070295,19.233491153713352],[-99.15063733969568,19.232415821005404],[-99.15103441024397,19.231690490347344],[-99.15170319733343,19.230876630879003],[-99.15186872585541,19.23007703552726],[-99.15226605714847,19.229340857151694],[-99.15306819128568,19.22652182405931],[-99.15345586165661,19.226082640940934],[-99.15302598595409,19.225106940982833],[-99.15228502211127,19.224577350037485],[-99.15163667041261,19.224594921615385],[-99.15118690867446,19.224395573939567],[-99.15111297797907,19.223401862130174],[-99.15148314921029,19.223374396995368],[-99.15177238348427,19.223386250998892],[-99.15224600361779,19.222424438309957],[-99.15236673646221,19.22139672720873],[-99.15256852955874,19.220746951097105],[-99.15317283222423,19.220891132700217],[-99.15357880927087,19.222219221529702],[-99.15429924100232,19.220800139953575],[-99.13880155985993,19.21627038650521],[-99.13274489939984,19.20987926564778],[-99.1328569045628,19.20850946073548],[-99.13243927434135,19.207825527925287],[-99.13259741462264,19.206516979001403],[-99.13207699550334,19.20588137403366],[-99.13127667792062,19.205251537852178],[-99.13138265217032,19.20491909806579],[-99.13092279795914,19.20416487030269],[-99.13024952208188,19.203968639988737],[-99.13026192589874,19.20315917382334],[-99.12941365561974,19.202991262287583],[-99.12951363570484,19.200683075191776],[-99.12900353597357,19.199986729279754],[-99.12891562573112,19.199403889166213],[-99.12929434726114,19.198788036030948],[-99.129052362695,19.198822352040636],[-99.12910727443081,19.198106349452488],[-99.12968149052325,19.19745626996944],[-99.12971873061619,19.196903984215673],[-99.13015073885123,19.196402726901145],[-99.13060295818094,19.196020221581442],[-99.13020979141926,19.195342718179294],[-99.13015760876836,19.194383984915184],[-99.13098695818944,19.192454537236813],[-99.13131523134662,19.191317525927403],[-99.13105245227366,19.190484178076034],[-99.13070824016694,19.189919395974144],[-99.12929539184266,19.189551938397567],[-99.12781832604186,19.188587556761924],[-99.1274346559997,19.188093854214312],[-99.12722400170892,19.18723238063226],[-99.12766933683656,19.186363372804212],[-99.12857683065134,19.185486087676985],[-99.12918969793367,19.184653686038075],[-99.12966442562423,19.184350277893216],[-99.13035450712054,19.184079538016636],[-99.13043673664929,19.183313547593535],[-99.1303972337471,19.182204558445846],[-99.13187280669035,19.179952841285104],[-99.13244780240932,19.17763505755311],[-99.1322008384506,19.17690670438682],[-99.13244948322999,19.173866481332233],[-99.1314913311052,19.17301188626368],[-99.13054154907518,19.172064576418606],[-99.12950799316131,19.170430334243704],[-99.1292482051877,19.169581919489065],[-99.12968638584992,19.169524266888054],[-99.13025514108323,19.16977241929695],[-99.13048755827558,19.169277672080817],[-99.13058922051577,19.167914883452855],[-99.1302204403077,19.166830641899914],[-99.13023128233485,19.165464506053798],[-99.13008813155808,19.162798165693296],[-99.13027076115807,19.16187901171703],[-99.13095388223601,19.160367243640017],[-99.13386161888855,19.15736452275787],[-99.13387409140176,19.155580924471955],[-99.13423871415682,19.15300127615687],[-99.13416430909903,19.151361230814928],[-99.13410796946785,19.151021606123024],[-99.1341124627495,19.150658930881022],[-99.13370646890172,19.14934798064472],[-99.13340392999814,19.147853154420275],[-99.13317044320354,19.147417995993905]]],"type":"Polygon"}},{"type":"Feature","properties":{},"geometry":{"coordinates":[[[-98.96847181460905,19.21043407444833],[-98.9718512449781,19.212047193117883],[-98.97269043474984,19.212818335404847],[-98.97353656778029,19.21407057563833],[-98.97485001791185,19.214513208970956],[-98.97843622718017,19.21513590976187],[-98.9907123388454,19.225952787021683],[-98.9913544866775,19.225495009842803],[-98.99139481559422,19.224732077059613],[-98.99335726213593,19.224883105064848],[-98.99380293705116,19.227466475493586],[-98.99510761903638,19.227478332170136],[-98.99574511740963,19.22508154294681],[-98.99643196168552,19.225295258803555],[-98.99623214724414,19.22600295033996],[-98.99640855742706,19.226260692645837],[-98.99749939811228,19.226493446739298],[-98.99750304458158,19.22748437698891],[-98.99874185175632,19.227772551728762],[-98.99903228455659,19.227439355889075],[-98.99961824249645,19.227497707612343],[-98.99986974396138,19.226698699658186],[-99.00330971266565,19.227749253171822],[-99.00354723415073,19.227097416069412],[-99.00025280610615,19.226460613664727],[-99.02953713942294,19.22341160074339],[-99.09104204732978,19.210764950908157],[-99.09356444883167,19.210919175754128],[-99.09408825745595,19.21149346876392],[-99.09458478978982,19.21133004279173],[-99.09495196893259,19.210960993345026],[-99.09500993346917,19.20944640904561],[-99.09571150883977,19.20851085400892],[-99.09704892252905,19.208537613175565],[-99.09829389591009,19.20815097920037],[-99.09910199435062,19.208143720229828],[-99.09993065702254,19.20725677503772],[-99.10005920659115,19.206023922557677],[-99.10090559457106,19.20567382061428],[-99.10173288058682,19.204921936180412],[-99.10193267383114,19.201250817788306],[-99.10219146582511,19.200515652448487],[-99.10441315522215,19.199130172362175],[-99.10480996215577,19.198509437080872],[-99.10430023629348,19.19845003702612],[-99.10444011531199,19.19800221871141],[-99.10511384135884,19.197902459371292],[-99.1300619247447,19.14665623968243],[-99.13243343227191,19.14696852215586],[-99.14346688531201,19.1558329006385],[-99.143440259006,19.144591065256222],[-99.15442192101403,19.11326152346753],[-99.13889567063416,19.09775025967052],[-99.13736576459873,19.09527154950642],[-99.12571302859901,19.061758367288334],[-99.0603522524965,19.048060536100905],[-99.04412231815925,19.075289856656866],[-99.02890521203408,19.08551908900307],[-98.98432143477372,19.079012289322762],[-98.97908022687898,19.074472711645768],[-98.97279624552891,19.079985932575397],[-98.96652907800035,19.085151210872354],[-98.96240107857618,19.09368622019535],[-98.9591584593639,19.105678236421454],[-98.9585993069615,19.113805520573237],[-98.95737862279239,19.12237156967882],[-98.96638278725533,19.143989378527863],[-98.95484725073003,19.14954262779365],[-98.96715869354442,19.164500821004125],[-98.9524215806284,19.168595169084156],[-98.95642254102466,19.176784415442043],[-98.95988746553886,19.178862514014597],[-98.96764361548226,19.18994489578013],[-98.96710603864743,19.199519091593345],[-98.96783886463369,19.20318436725691],[-98.96935082927676,19.204341625139733],[-98.96724541866715,19.20627027703597],[-98.9672207904716,19.20698131838607],[-98.9673320270587,19.207436443265465],[-98.9667919635653,19.208695387171886],[-98.96847181460905,19.21043407444833]]],"type":"Polygon"}},{"type":"Feature","properties":{},"geometry":{"coordinates":[[[-99.21969249587225,19.311748149806732],[-99.22056914703913,19.313651872975655],[-99.221470158694,19.31907497342928],[-99.22103899455307,19.32057221250558],[-99.21977011395016,19.321729228934686],[-99.21438046205144,19.32527103626788],[-99.21233734882905,19.32753642692606],[-99.2114037990361,19.32940290972448],[-99.21025862493009,19.331492717836497],[-99.2091632031911,19.33374583531858],[-99.2071620769309,19.33585553890137],[-99.20646142405104,19.336433410258806],[-99.20687312848344,19.3365340069154],[-99.20748994733295,19.336442751046107],[-99.20850186019334,19.33619365362577],[-99.20830175914782,19.336732625044633],[-99.20774233897289,19.337486260004013],[-99.20827647310232,19.337216657040514],[-99.20895301126664,19.336855230905783],[-99.20930745168862,19.336825034317542],[-99.20944877191846,19.336576152710663],[-99.20960632382214,19.336424955601615],[-99.20988509471402,19.33640039359389],[-99.21033730837382,19.336355731752647],[-99.21051165290123,19.336341058859517],[-99.21074916299139,19.3361391095206],[-99.21090354813913,19.336110708449624],[-99.21141551927025,19.336212895642475],[-99.21185486695984,19.33630358572313],[-99.21233832259168,19.336198698179274],[-99.21288627316615,19.33633166261251],[-99.21335715716398,19.33650819537607],[-99.21403700172728,19.33649283752132],[-99.21459740216525,19.33636258269476],[-99.21533775467765,19.336167827835425],[-99.21533393352803,19.3359032560259],[-99.21547740421306,19.335739992091177],[-99.21567503463831,19.33554030759865],[-99.21598808254514,19.33537089330538],[-99.21632167466485,19.335264723988033],[-99.21651391216821,19.33527415992124],[-99.21673727423295,19.335108544885898],[-99.2169074318456,19.335045493577184],[-99.21707318791664,19.334774769931073],[-99.21727119323857,19.334698129231498],[-99.21784080774749,19.33462332537482],[-99.21807894620709,19.33460703187366],[-99.21845325185528,19.33450430785564],[-99.21874459476696,19.334385450098893],[-99.21904535724548,19.334142097884097],[-99.21939642222013,19.33408068918048],[-99.21981604843312,19.334009136941674],[-99.22006128489443,19.334095955530316],[-99.22053257988114,19.33391259665676],[-99.22131419362258,19.3338494478416],[-99.22170383856017,19.333733473582043],[-99.22216598806695,19.333853540057433],[-99.22247520482779,19.333596917627986],[-99.22289288896609,19.33330630037956],[-99.22375854248186,19.33293594579824],[-99.22431808446831,19.33266920674491],[-99.22454567569807,19.33246503942142],[-99.22495960724619,19.332466612503538],[-99.22516252240102,19.33248594521693],[-99.22541396471557,19.332139160319088],[-99.22556948690242,19.331959115162448],[-99.2259028929072,19.331905300971826],[-99.22618316521124,19.33176063963738],[-99.22676120302036,19.33147109954855],[-99.22762419635559,19.331330142377666],[-99.22867394289631,19.330915933504826],[-99.22967550698878,19.33029642218719],[-99.23023894568422,19.33017322982873],[-99.23067314640672,19.32994966617389],[-99.23103181846984,19.329737276837804],[-99.23174016184585,19.329045341412566],[-99.23237733294673,19.3283846785461],[-99.23310563184054,19.32771053029225],[-99.23366110941848,19.32720040154595],[-99.23474752293599,19.32667464982066],[-99.23537013293326,19.326167171914136],[-99.23663399630918,19.325023585398327],[-99.23835549181584,19.324466795950414],[-99.23880142337876,19.32450151174443],[-99.23990173887599,19.324458459641775],[-99.24051679811764,19.32420570879357],[-99.24091857654409,19.324847172412973],[-99.24125092499519,19.325471948193595],[-99.24140924526876,19.32602362471789],[-99.24195079012564,19.32676121876426],[-99.24234819689752,19.327376361571424],[-99.24298122499549,19.32809142841448],[-99.24324543994315,19.3284207552703],[-99.2442488610747,19.328588086373998],[-99.24471214683369,19.328487645902868],[-99.24502885102295,19.328440788488578],[-99.24523430953282,19.328212635570125],[-99.24623086067616,19.32814812177243],[-99.24714733969861,19.327967871038865],[-99.24759832552301,19.327996833953918],[-99.24818800786103,19.327884071467366],[-99.2485481855434,19.32777336898944],[-99.24907694624636,19.327497381252414],[-99.2496700089587,19.32716084547397],[-99.25015023776409,19.32712168962712],[-99.25090822626115,19.327086092587308],[-99.25178381257162,19.32714854432703],[-99.25228147604763,19.327124373243336],[-99.25313150714376,19.32701273886613],[-99.25425664764131,19.327114768916104],[-99.25463251845393,19.326988499313345],[-99.25538813065643,19.3267141897591],[-99.25553645790704,19.326480269981204],[-99.25559120544612,19.32635911686495],[-99.25566171502231,19.32624269739935],[-99.25625558347923,19.325490642972667],[-99.25668750261808,19.324209046759208],[-99.25716613221435,19.32364394226387],[-99.25756153844016,19.32309114938745],[-99.25786787958457,19.322735455044295],[-99.25914075656114,19.321891896590245],[-99.25954291463832,19.321453051198716],[-99.26024930032867,19.320865733630015],[-99.2605596190945,19.320314025632072],[-99.26074827779613,19.31968429266385],[-99.26118968249261,19.319083040015656],[-99.26153497291234,19.318437387484664],[-99.26165761492699,19.31800053357904],[-99.26211696271154,19.317440610914034],[-99.26245393343419,19.317131817994394],[-99.26287284035024,19.316786473130634],[-99.26310034028292,19.316410822125107],[-99.26358810231164,19.316074829930898],[-99.26409686770629,19.31574061487352],[-99.26481644536746,19.31500253126407],[-99.26526121976627,19.314426693252358],[-99.2655640510562,19.313997401655328],[-99.2657566079295,19.31365504542383],[-99.26579372308541,19.31347465895567],[-99.2662249413064,19.313442203779232],[-99.26681344967702,19.31355666501092],[-99.26724164869891,19.313820249645474],[-99.26799927844819,19.313752932587974],[-99.26758821758389,19.313849585268812],[-99.26765750168391,19.314009523222012],[-99.26771679575154,19.314166460535958],[-99.26790915672869,19.314124561600764],[-99.26816473450225,19.314006128613926],[-99.26842076404091,19.313918979427868],[-99.26884927167282,19.313698820884127],[-99.26922282559327,19.31357636709906],[-99.2693814881063,19.313588719807413],[-99.26939457744916,19.313438986349425],[-99.26947614454288,19.313301513773297],[-99.26952683801005,19.31309247150503],[-99.26962993482333,19.312884632393562],[-99.2699300245113,19.31263420833035],[-99.27005437657189,19.312382915087795],[-99.27031580771371,19.312124951153905],[-99.27048338210457,19.31204914629457],[-99.27060298241788,19.31184724920942],[-99.27060166536072,19.311785099412916],[-99.27055271076256,19.311707327636668],[-99.2704746729107,19.31170753937073],[-99.27038076557474,19.311829120982196],[-99.27026681322592,19.31181197613165],[-99.27007884648577,19.311783112270064],[-99.2700078858342,19.311663255072503],[-99.27117635470131,19.309073823107852],[-99.27076999465316,19.30884595222507],[-99.2712680942872,19.308239717478017],[-99.27116611768209,19.307134173988388],[-99.2708833969061,19.30683716004839],[-99.27044778637982,19.306664424036896],[-99.27023698235739,19.306368062493405],[-99.27006146605909,19.30585187311715],[-99.26852080723172,19.30529717207611],[-99.26840406206477,19.305121593524476],[-99.26933179674529,19.304626154494386],[-99.27029963773643,19.304196411104442],[-99.27068490000562,19.303985117675822],[-99.27090268805561,19.303644321598455],[-99.27135000199723,19.303038908312047],[-99.27175801887782,19.302745384643273],[-99.27193223576658,19.302587634550648],[-99.27163476394773,19.302508481296897],[-99.27144254120935,19.30250173373966],[-99.27127192419307,19.302232247417194],[-99.27101433351842,19.302028419014448],[-99.27074880144009,19.301860957701308],[-99.27048540916888,19.30170637665735],[-99.27014147942344,19.30143174219883],[-99.26978184099704,19.301287004009822],[-99.26966376858903,19.30125359658794],[-99.26921856339739,19.30103612401868],[-99.26971600850615,19.300086138326353],[-99.27023856097203,19.299049419721122],[-99.2708943716277,19.298125882137427],[-99.2712079274638,19.29779377926795],[-99.27185407966702,19.297540250714224],[-99.27197487550042,19.2972204286824],[-99.27217687129775,19.296599475796384],[-99.27230217560205,19.29621920287633],[-99.27223515484837,19.295720270904578],[-99.27243583474228,19.294921143000714],[-99.27275507806321,19.294206740119918],[-99.27343575418777,19.29310124493989],[-99.27369610256744,19.292753259061204],[-99.27395222882934,19.292479017688272],[-99.273995852711,19.29206326729279],[-99.27422659051255,19.29146017229296],[-99.27615868232466,19.288253459169248],[-99.2746530986589,19.28474928270313],[-99.27534648031254,19.283715392571743],[-99.27572095997883,19.283594591835424],[-99.27625430071328,19.283164098597474],[-99.27706268943084,19.282781345225857],[-99.27757900863458,19.282598639679],[-99.27779094329085,19.281820833739012],[-99.27794357191394,19.281405602829906],[-99.27822663203946,19.28132455878448],[-99.27831310236095,19.28120753244289],[-99.27882891749458,19.281611981315002],[-99.27920289783965,19.281670399646337],[-99.2793032487009,19.281416133382848],[-99.27941678547495,19.28130179740186],[-99.27988581146253,19.281251173478626],[-99.27997609409475,19.281099037275922],[-99.28014824187107,19.28091157423738],[-99.28036054741912,19.28087665636899],[-99.28074463041028,19.280959363105538],[-99.28101523992135,19.280883251954332],[-99.2813145822006,19.28043867722588],[-99.28136293270109,19.28014125706066],[-99.28150906706958,19.279926002046906],[-99.28154025847296,19.27963920100753],[-99.28183765389758,19.27952680712543],[-99.28209162937475,19.279332344787548],[-99.28233237913709,19.279003292738178],[-99.2826119585971,19.278926164047476],[-99.28272715127332,19.278800491533836],[-99.28278284375487,19.277998000685955],[-99.2831370074284,19.27770486506351],[-99.28364143704651,19.276949807649736],[-99.28393635116662,19.276326516641262],[-99.28384570682151,19.27604119335955],[-99.2835685751958,19.275739685450517],[-99.28344023303796,19.275388368171388],[-99.28356899448013,19.274993663743764],[-99.28387030439477,19.2747776004654],[-99.28412486216067,19.274441557158102],[-99.28451836365075,19.274371188839375],[-99.28465562640426,19.274068306508646],[-99.28513850676184,19.273524827532057],[-99.28525681341041,19.273271736575133],[-99.28513657552442,19.272891134038588],[-99.28532258858591,19.27263004613744],[-99.28548165328426,19.272305363163703],[-99.28579695322968,19.272097139178967],[-99.28574235618295,19.271756797789113],[-99.28596596446832,19.271447047549835],[-99.28645397396642,19.27076176160349],[-99.28702922349467,19.270617649927132],[-99.28758293797863,19.270115826085704],[-99.28808443392128,19.27018918552543],[-99.28869167898287,19.27019604466806],[-99.28943598284755,19.27021210272975],[-99.28978952519348,19.270147105698154],[-99.29020133922191,19.269855050988497],[-99.29052171686064,19.26953592185324],[-99.29089921368659,19.269297747361197],[-99.29108254673812,19.269028176719765],[-99.2917571746374,19.2687441675938],[-99.29219677924749,19.26838611576565],[-99.29259125523859,19.26844729557003],[-99.29282044673023,19.267545735839576],[-99.29368219811738,19.26703691928349],[-99.29380110855922,19.266454304278504],[-99.29414965132234,19.26598016230209],[-99.2940531536559,19.26554655086126],[-99.29397638028006,19.265160489755743],[-99.29402865962062,19.264842106637033],[-99.29422956189276,19.264772497349142],[-99.29444507332515,19.26437821590876],[-99.29476090933517,19.264184799293197],[-99.29511296099241,19.264034428629916],[-99.29585408140879,19.263527509206895],[-99.29679060692506,19.263104556877494],[-99.29713498300427,19.26234254290992],[-99.29768338359051,19.26199135281456],[-99.29785905804775,19.261338421370084],[-99.29951695054247,19.260849599469502],[-99.3001866075765,19.261090504766326],[-99.30096768236488,19.261043898420432],[-99.30232152717522,19.259013662952057],[-99.30341682789557,19.258849096419862],[-99.30463950143593,19.258136982717083],[-99.30657839561273,19.25766491504382],[-99.30795760642884,19.258148598174202],[-99.30920442071704,19.25787856758954],[-99.3105591471606,19.257273863711163],[-99.31167657627375,19.25682574072026],[-99.31244031617862,19.257047817307033],[-99.31283218756911,19.256619655691686],[-99.31444344676206,19.257082951462287],[-99.31477767182348,19.25664208271575],[-99.31554618450382,19.256358474029923],[-99.31623601485033,19.256036506663822],[-99.31631408587745,19.25497548658882],[-99.31667676518018,19.25413769480484],[-99.31663886952386,19.253677467319786],[-99.31715392978509,19.252974658152503],[-99.31768802988738,19.25264899424277],[-99.31758406664082,19.25160472709419],[-99.3182795805868,19.25011324478102],[-99.31982527575795,19.247466951393044],[-99.32026189418909,19.24738718868562],[-99.32006950168474,19.247016543282687],[-99.32154559080125,19.246036873547816],[-99.32221673546695,19.24575030951541],[-99.3222815913403,19.245423830048324],[-99.32200649194431,19.244266399682658],[-99.32230977832796,19.24335243140265],[-99.32216181611949,19.242540000545077],[-99.32229975954873,19.242250508383123],[-99.32209407657957,19.242021880611404],[-99.32228432922192,19.241179240831045],[-99.3222566351555,19.23979821428061],[-99.32253716554969,19.239500286842894],[-99.32236733807326,19.239182120075533],[-99.32204990233653,19.237918644155997],[-99.32173142737717,19.237656054468438],[-99.32164874811713,19.23733284516778],[-99.32158542007137,19.23699958568946],[-99.3220183216926,19.23651715461672],[-99.32216236303418,19.23557366415684],[-99.32188705531883,19.23502802028125],[-99.3218099177255,19.234127680963823],[-99.32127259526882,19.232538748560287],[-99.3154804033377,19.229245641349927],[-99.3154548251176,19.22695940107408],[-99.31208461188524,19.224494752379158],[-99.31066361369753,19.224331477636987],[-99.31004969219877,19.22293006428031],[-99.30815513046194,19.221149583500527],[-99.30701900178344,19.221469227485503],[-99.30655076579586,19.220398948501945],[-99.30567997751429,19.22030375901059],[-99.30578374733157,19.219267450910937],[-99.30401310853736,19.219203436967142],[-99.29839269566766,19.214677425415474],[-99.2951673885348,19.214752380058563],[-99.2907887362035,19.211537211608828],[-99.29047916381309,19.210845962285838],[-99.28954880026674,19.211196327201208],[-99.28885635053065,19.211139505005995],[-99.28880772548332,19.21154669211658],[-99.28615141581808,19.211265885373635],[-99.28463077979907,19.21216311350036],[-99.28110428773803,19.212128236456913],[-99.28007820774631,19.212892697457043],[-99.27878164644653,19.212997099936008],[-99.27752151325464,19.21394671493936],[-99.27682851361632,19.214379376773373],[-99.27677450996653,19.215023619324334],[-99.27489626851215,19.216052379345008],[-99.27422336849914,19.216997782558323],[-99.2735503041755,19.218043868952684],[-99.27349173406137,19.219113467106922],[-99.27370633299914,19.220410708243303],[-99.27352895854622,19.22153321631515],[-99.27273983596261,19.221983643282876],[-99.2726091502539,19.2224340836617],[-99.27175308920478,19.222949063131956],[-99.27114900244565,19.22382017457229],[-99.26644641649992,19.22630890221813],[-99.26373140326534,19.226893905269762],[-99.261970171943,19.228847706124476],[-99.2564391242294,19.231487329973348],[-99.25381588049395,19.233441429603594],[-99.25438665627593,19.235440086306866],[-99.2531863266999,19.237957919145124],[-99.2508064425658,19.239798931376697],[-99.25145534561001,19.241731968348798],[-99.25006723302464,19.243297147764444],[-99.25007288287051,19.245155178021395],[-99.24943950435687,19.246068014910264],[-99.2490390155067,19.2477253185563],[-99.24764481528993,19.248471949313974],[-99.24786619387532,19.24879152040902],[-99.247541358542,19.24909407444904],[-99.24682039879316,19.249289931445112],[-99.24637458000177,19.249495036102523],[-99.24597209048233,19.249454630244017],[-99.24527401111152,19.250162515154038],[-99.24517919203929,19.250789201782894],[-99.24527821805634,19.2511577473475],[-99.24480007945954,19.252031619635083],[-99.24437133842447,19.252464511405133],[-99.2447936862988,19.253774207536054],[-99.24465580239763,19.255118507435704],[-99.24523338068188,19.255028685085303],[-99.24481209461047,19.256307214429675],[-99.24505091642328,19.25695520696566],[-99.2445750899211,19.257256312440035],[-99.24380274027772,19.25852389222836],[-99.24367437017136,19.259244323705918],[-99.24401180411327,19.259417929040822],[-99.24440935522158,19.259335590048153],[-99.24505331537598,19.25900299063816],[-99.24596179827194,19.258918406721914],[-99.24637245846719,19.259243329604132],[-99.24674592733243,19.259836492552367],[-99.2462633539266,19.26011716302171],[-99.24593841982782,19.26051238409325],[-99.24573334830181,19.26124968944483],[-99.24602516606703,19.262482809593504],[-99.24702622837502,19.26336207072754],[-99.24703140370579,19.26414649753938],[-99.24663487923762,19.26473487452494],[-99.24609992604493,19.264979943310873],[-99.24584499227721,19.26607292111538],[-99.24617635619433,19.266841417324216],[-99.24623550788944,19.26728093680744],[-99.2459912862965,19.267684698248694],[-99.24492709178556,19.268540731669408],[-99.24363501354946,19.269329537574137],[-99.24346732549078,19.269798976887238],[-99.24353924176961,19.270107237215765],[-99.24383007987761,19.27053714582201],[-99.24376643757276,19.27121972347481],[-99.24409894989721,19.272309658996257],[-99.24441233767735,19.27250932802262],[-99.24460805811113,19.272971497378464],[-99.24352284302536,19.275095506163673],[-99.24347365932138,19.27565364232571],[-99.24375453539247,19.27589449340642],[-99.24408608905952,19.275827906634845],[-99.2445482092825,19.276240710147107],[-99.24514050759052,19.276451328880736],[-99.2454194016995,19.276894366618393],[-99.24476500936191,19.279362491318853],[-99.2450135784393,19.279996131923404],[-99.24442636680904,19.28031381992761],[-99.24338471000765,19.281127017349263],[-99.24329378725817,19.28152528219522],[-99.24359289347092,19.281953766385588],[-99.24341252943685,19.282246210584795],[-99.24226063952149,19.28285416740242],[-99.24198906981229,19.283161295420907],[-99.24198560823429,19.28325895073386],[-99.24221458182114,19.28331397857871],[-99.24285857632935,19.28381392497802],[-99.24299932179109,19.284112887099162],[-99.24296537925387,19.28419206848666],[-99.24262555856724,19.28443161912691],[-99.24176111058603,19.285853447693704],[-99.24172989050754,19.28624383110577],[-99.24140712577541,19.28666101627001],[-99.24095657227583,19.286940367695884],[-99.24088085651236,19.287069849393376],[-99.2408785534926,19.287147951271397],[-99.24082078919854,19.28724814445698],[-99.2409545396286,19.287576798950262],[-99.24091694018398,19.287884611815734],[-99.24180696089361,19.28878869592964],[-99.24232964806257,19.289106418289187],[-99.24242958502104,19.28932132909687],[-99.2428166423758,19.289310349656287],[-99.24294373613654,19.291618182816464],[-99.24271595292953,19.29221078387165],[-99.2423729642252,19.29287760278215],[-99.24175456497164,19.292994089342237],[-99.24201970124577,19.293241303028886],[-99.24165417281529,19.29356945877448],[-99.24148066617937,19.293993948542585],[-99.2412922464356,19.294031949652112],[-99.24033975390167,19.294094604221385],[-99.23951592901294,19.29452944718401],[-99.23880171070888,19.29454048040044],[-99.23856022554803,19.294704205440468],[-99.23756688595847,19.294303606587263],[-99.23679259008375,19.294265337185415],[-99.2360467987572,19.294428389908333],[-99.2359319118855,19.294472446348774],[-99.23586686869233,19.29458722331311],[-99.23594046790822,19.29474679065238],[-99.23608897013625,19.29495353194089],[-99.2359876545658,19.295144348349616],[-99.23542503888093,19.294980000187785],[-99.23437938364788,19.295798726533313],[-99.23416067371178,19.296110327768112],[-99.2340498263922,19.2961854550619],[-99.23324267073238,19.296622571697647],[-99.2324750373348,19.29782028569703],[-99.23274345542579,19.298410304378166],[-99.23269633587316,19.299232035754244],[-99.23274877219414,19.299587886626938],[-99.23269293476085,19.299900139755778],[-99.23280093469577,19.299979406596016],[-99.2332338062778,19.300050387574025],[-99.23342859044372,19.300730720876416],[-99.23288149660134,19.30093600916348],[-99.232310778587,19.301419071612095],[-99.23265414993035,19.301634355828824],[-99.23296576740333,19.30182028597754],[-99.23266741077212,19.30243870410007],[-99.23254752550278,19.302969721656517],[-99.2323538661591,19.302992382550393],[-99.23225026223643,19.303769578391616],[-99.23204122434296,19.30391221379024],[-99.23190076785558,19.30493858632615],[-99.23012358619187,19.305973841197428],[-99.22941286138622,19.30646767127562],[-99.22875610583453,19.30659145376814],[-99.22767760301757,19.30696757952029],[-99.22770301913764,19.308073044739658],[-99.22514686360554,19.310008375312457],[-99.22511297666381,19.310800557477133],[-99.2215298306533,19.310966369881612],[-99.21969249587225,19.311748149806732]]],"type":"Polygon"}},{"type":"Feature","properties":{},"geometry":{"coordinates":[[[-99.3162064998723,19.2560866978003],[-99.31331558873337,19.24823329332404],[-99.2835360100823,19.274904379604333],[-99.27227489839194,19.29572971508061],[-99.27235457592633,19.296221451994043],[-99.27184533861634,19.297581194437228],[-99.27122311991599,19.29784490535107],[-99.27024921924018,19.299010233641624],[-99.26923613625969,19.30102335470164],[-99.26953662101566,19.301217216760392],[-99.26983073564115,19.30130123962641],[-99.27016592685077,19.301398201091914],[-99.27039117263064,19.301624494545933],[-99.27065778526165,19.301786175627086],[-99.27101345769006,19.301967300898085],[-99.27117944456144,19.302062586245768],[-99.27143461961619,19.302385024157488],[-99.27194535019355,19.302614718861037],[-99.27136663105544,19.303116936778153],[-99.27073104083323,19.304027747761893],[-99.26845990397905,19.305159380795075],[-99.26850400507854,19.305264216092013],[-99.2701035108949,19.305830486328645],[-99.27022439542249,19.306344557365776],[-99.27049066116372,19.3066069240476],[-99.2709239906776,19.30682735674398],[-99.27123482324427,19.307121330492038],[-99.27129040962743,19.3082702893459],[-99.27079332497819,19.308847709567033],[-99.27119776680706,19.309058739864284],[-99.27005867740885,19.311556848453094],[-99.27004217044687,19.311688100624934],[-99.27007391192272,19.311773935707592],[-99.27020746301235,19.31177898523343],[-99.27035158079873,19.31181938304711],[-99.2704534146009,19.311723442916445],[-99.27059761439857,19.311738590283255],[-99.27060780306098,19.311895136670344],[-99.27047362175051,19.312076986471723],[-99.27032377724682,19.312137615972503],[-99.27016290319249,19.31228921795025],[-99.27003419160098,19.312405473449743],[-99.26999619583792,19.31259294914298],[-99.26986696568312,19.312711256318252],[-99.26960836131948,19.31290967461257],[-99.26944223326478,19.313411387601477],[-99.26935721334365,19.313596206819938],[-99.26932023056753,19.313555944719354],[-99.26899585521302,19.31370880022817],[-99.26840104575544,19.31396360427763],[-99.2677195533789,19.31420826894697],[-99.26755727381233,19.313861675927086],[-99.26734093150219,19.313861675927086],[-99.26689749815607,19.31362727477729],[-99.26640004444113,19.313464241103162],[-99.26584845168632,19.313484619056325],[-99.2658107117752,19.313679628544435],[-99.26539560925917,19.314320403789637],[-99.26476456031396,19.315070872603698],[-99.26416651700823,19.315743436041515],[-99.26312006906137,19.31641625333593],[-99.26292017949054,19.316917119415933],[-99.26232198629616,19.31726154647579],[-99.26170652615623,19.317919273819783],[-99.26158936559618,19.31843622979504],[-99.26078967479351,19.319674399958572],[-99.26067257662797,19.320066404989646],[-99.26028858792716,19.320913429809522],[-99.2596392657074,19.321399866452253],[-99.25917244534932,19.32196492698732],[-99.25780667620265,19.322844265595364],[-99.2572389189292,19.323629755349444],[-99.25672106556094,19.32422743116679],[-99.25625758683856,19.3254983461577],[-99.25569078069603,19.326296785455654],[-99.25537467368548,19.32677088780889],[-99.25417399314996,19.32715736054864],[-99.253056927114,19.32706951265338],[-99.25260076152985,19.327104650880813],[-99.25184665223009,19.327166145764693],[-99.25094376115076,19.327095866207642],[-99.24962603652733,19.327191105437777],[-99.24889353974376,19.32762037419532],[-99.24852715024682,19.327844720169352],[-99.24773233865078,19.328005009797366],[-99.24769164933912,19.328056309960715],[-99.2463459842588,19.328152507548438],[-99.24523125785755,19.328248717895875],[-99.24495252390767,19.32846042558738],[-99.24422498669408,19.328595180836302],[-99.24326648370281,19.328454009294347],[-99.24317355135626,19.3283890768531],[-99.24252999087805,19.327731567184827],[-99.24143548331689,19.326170906992957],[-99.24124535695329,19.325399272016014],[-99.24051658634052,19.324267022659967],[-99.23992451871607,19.324496698980667],[-99.23846283826022,19.324513105512665],[-99.23659909332393,19.32513666038328],[-99.23476623742886,19.326696457677684],[-99.23363189206833,19.32725133164496],[-99.23149113883252,19.32931504370164],[-99.23103612751291,19.32972833275079],[-99.23070339345223,19.329951584711083],[-99.23036176148372,19.330125261927236],[-99.22966068208785,19.330340335493077],[-99.22874909138876,19.330903069160925],[-99.22845095044477,19.331043805405912],[-99.22754753432669,19.33135846875669],[-99.22674044371246,19.331524123493466],[-99.22598552519581,19.331938388464152],[-99.22559805750697,19.331960278457984],[-99.22520073633842,19.332499026264173],[-99.22456807147321,19.332487312032114],[-99.22429488634022,19.33272161630009],[-99.2228919165096,19.333342722483764],[-99.22260616658994,19.333530283292774],[-99.22212149817062,19.333870304731832],[-99.22168718197526,19.33382340005214],[-99.22128990187508,19.333870304731832],[-99.22045794064988,19.334011028702875],[-99.22003555884459,19.33414003876291],[-99.21972556668942,19.33402275637276],[-99.21906725959835,19.33416349648239],[-99.21861934012308,19.334480216212953],[-99.2180354346954,19.334597538964644],[-99.21710347052144,19.33480874600764],[-99.2168664008655,19.335102144781544],[-99.21670478250807,19.335149094593007],[-99.21653040498434,19.335278215119757],[-99.21624468088393,19.335301692925853],[-99.2156472913089,19.335595200475538],[-99.21534782888038,19.3359005170408],[-99.21533247170696,19.33622297833675],[-99.21391323606016,19.336520975471714],[-99.2133979570991,19.33655077952737],[-99.21230417787972,19.336242842356327],[-99.21192564192278,19.33634216771752],[-99.21077954198371,19.33615345702978],[-99.21050601053815,19.33641170068853],[-99.20955950701696,19.336491172205655],[-99.20931723406716,19.336848863522448],[-99.20895955016354,19.336908489799598],[-99.20769629006647,19.337494983222612],[-99.20836044640949,19.336630260870905],[-99.20839260659154,19.336232910302698],[-99.20806639216237,19.33638190031749],[-99.20744561741414,19.336560714388085],[-99.20689867117358,19.33660045470829],[-99.20641309445823,19.336444755975236],[-99.20718122583688,19.33576299099049],[-99.2078588738194,19.335067319699363],[-99.20909297139359,19.333776154500725],[-99.21236975400453,19.32744882019888],[-99.214319676184,19.325269910486867],[-99.21966041002078,19.32175627755454],[-99.22102972458005,19.320556414931886],[-99.2214717957558,19.319164664592677],[-99.2205056631475,19.3137804464632],[-99.21959602352769,19.31177624324114],[-99.21863534038224,19.309993218610387],[-99.21580924893993,19.307820927971903],[-99.21339942059683,19.307089074663025],[-99.20580989732379,19.305650320904064],[-99.20567863136274,19.306674442671053],[-99.20520742134292,19.306366841404184],[-99.2005513991987,19.311390506153657],[-99.20153136379189,19.311527293845998],[-99.19467205650051,19.322314216306594],[-99.19506999488206,19.32296579791206],[-99.19482911585865,19.330312082190858],[-99.19633411090874,19.33260541925543],[-99.19643217006093,19.333452930769568],[-99.19697178863174,19.333669624850003],[-99.19999259471015,19.333311632193883],[-99.1985001728027,19.33516884222665],[-99.19789917335783,19.335461387306466],[-99.19127595069581,19.336939570057183],[-99.19072877638237,19.33668179922232],[-99.19071661908353,19.337475915092043],[-99.19020096279242,19.337950578843646],[-99.19018013793169,19.338103453816856],[-99.19033206186683,19.338700193309677],[-99.19009138591157,19.338926582347952],[-99.18915029764251,19.33983235625189],[-99.18827487513697,19.340511915402956],[-99.18770550748671,19.341047463786694],[-99.18693991249057,19.34131528365016],[-99.18654441623706,19.342160145806403],[-99.18494532200803,19.343314593607104],[-99.18450703620616,19.343644539747515],[-99.1840472484199,19.34383015475389],[-99.18395902956064,19.34407766417229],[-99.18360777233714,19.34451086820721],[-99.18347532201223,19.344902883330775],[-99.18334226796199,19.34548070868034],[-99.18309932258515,19.3462031895763],[-99.18290113447858,19.346595486216884],[-99.1823098995486,19.346719382927006],[-99.18194134939918,19.347442050724098],[-99.18092965156923,19.347097846118473],[-99.18019144904952,19.349587587385585],[-99.17748230755785,19.352026328354157],[-99.17694464733324,19.352875044003696],[-99.17550465604386,19.354042414214206],[-99.17273267774463,19.357122171832728],[-99.17176399863118,19.359699877151044],[-99.17345938132311,19.360538411716803],[-99.1745811155211,19.362125079757433],[-99.17766965364396,19.365204917049823],[-99.17940088856228,19.36346108599733],[-99.1796155994781,19.362933931442797],[-99.18035394830672,19.3626045446602],[-99.18147926885939,19.3626045446602],[-99.18396542304612,19.36161653823359],[-99.18563398609837,19.36154336175484],[-99.18675820312963,19.361945848058582],[-99.18792002088244,19.362933931442797],[-99.1889295119574,19.362677739506097],[-99.19106233039615,19.363446361881373],[-99.19078395175707,19.366998479020054],[-99.1919834899023,19.369307122740324],[-99.19177551344573,19.371803864832728],[-99.19217056477764,19.37300961139013],[-99.19171321400809,19.383102766750454],[-99.18862385807695,19.39379557588333],[-99.18891587395888,19.395538022299235],[-99.19106561823752,19.4002053750646],[-99.19179009211939,19.400765692646203],[-99.19220493323974,19.401376056386084],[-99.19208304018888,19.40383974821347],[-99.19799042104898,19.403182002146906],[-99.20178448350292,19.401526144477202],[-99.21049782299772,19.400479566020024],[-99.21225049198989,19.399968589273556],[-99.21830443803302,19.397512344231444],[-99.21840773002975,19.397828373038436],[-99.2228613099653,19.396078510665006],[-99.2252639068538,19.395529385143277],[-99.2267926499531,19.395917766403628],[-99.22914532592849,19.395572535590333],[-99.23106471797469,19.39475280642182],[-99.23270811159884,19.394946928131347],[-99.23569987166246,19.393631514051236],[-99.23752578871313,19.393545281951674],[-99.23878118565537,19.3928339824335],[-99.23912356336729,19.392079798522758],[-99.23903246837979,19.390744382990036],[-99.23957992783053,19.389194487427446],[-99.24183663670915,19.3875380408585],[-99.2433406345098,19.38693597335235],[-99.24562025568893,19.387279993863686],[-99.25680779854547,19.379701215291306],[-99.26091415760278,19.376172970079637],[-99.26291577963174,19.375100682484444],[-99.26596177928813,19.374512179506354],[-99.26680645443967,19.374281021443863],[-99.26727258350775,19.373566673849027],[-99.26780592355367,19.373419628720526],[-99.26900656610708,19.37360868840028],[-99.26985072660533,19.37325158819607],[-99.27018319259355,19.372684538433845],[-99.26973703852222,19.371655790877384],[-99.26835965158507,19.3718866957456],[-99.26822549032953,19.371236020876708],[-99.26826898409472,19.370501600393453],[-99.2684679196804,19.369746431419614],[-99.26913328767534,19.36907537004147],[-99.26857770374546,19.368802805087],[-99.26820020553752,19.368823770519825],[-99.2673568493805,19.369306026170733],[-99.2666472049171,19.37043866054738],[-99.26629272753819,19.37155084147942],[-99.26558212917952,19.37218060686925],[-99.26509311500034,19.372012653239437],[-99.26655642922336,19.368362573413492],[-99.26677740487503,19.3672518725093],[-99.26641975076623,19.36450876561311],[-99.26665692808857,19.363554612874992],[-99.26266962244829,19.3621224689264],[-99.26113407204899,19.361004856949222],[-99.25915409281029,19.351713103562318],[-99.25939475619583,19.350097285728282],[-99.25896536845262,19.349906750234027],[-99.25837327604872,19.350160803162638],[-99.25807939922565,19.349665441462562],[-99.25927810957933,19.348725992628573],[-99.26040785666048,19.348167691960015],[-99.2598575082742,19.34809157682851],[-99.2590241833327,19.348332621890094],[-99.25895781832716,19.34809157682851],[-99.26337889944865,19.346202674895153],[-99.26372837919901,19.34583532447064],[-99.26398423332115,19.34521484210468],[-99.26469533561932,19.345113564285768],[-99.2648435795378,19.34453135525999],[-99.2654605795428,19.344455432336204],[-99.26564859645846,19.344164431608775],[-99.26645349748483,19.34402659001765],[-99.26845661256961,19.34157266656389],[-99.26914431056935,19.341471320703448],[-99.26918762291834,19.341228108741603],[-99.27067011680481,19.341167309742886],[-99.28111866867708,19.337234517600223],[-99.2810080142167,19.33698038340738],[-99.28014650502135,19.336577407553207],[-99.28001015456645,19.335710688709185],[-99.28018769653963,19.33526449284409],[-99.28077172041708,19.335238252284498],[-99.28244836268121,19.33576319555236],[-99.28325389648556,19.336454795232825],[-99.2843944209819,19.33671755449096],[-99.28508102978823,19.336411008792865],[-99.28744548732172,19.331554294605567],[-99.287566805595,19.33066177986457],[-99.28669942498243,19.329770312670988],[-99.28816453468032,19.330393559364566],[-99.28839242872166,19.33130589574904],[-99.28770150704878,19.332992574411023],[-99.28782971551271,19.333591539242022],[-99.28905561074004,19.33293203117924],[-99.29150067252384,19.328945695031663],[-99.29076801364167,19.32678768347705],[-99.29178305228591,19.324935851356656],[-99.29138600300256,19.322573757743257],[-99.29054674891232,19.322237639328634],[-99.29057470290091,19.321711581657382],[-99.29079026468187,19.321363201823303],[-99.29285835609873,19.320913725478448],[-99.29356306640031,19.32014836592529],[-99.29383711722585,19.31887889075969],[-99.29470909169133,19.31696152526773],[-99.29512084713231,19.317032999149774],[-99.29524331730977,19.317506423203653],[-99.2955071742335,19.3176018596983],[-99.29584341311653,19.31744849115755],[-99.29628419193459,19.317067038998744],[-99.29661347198679,19.317560955446353],[-99.29643327946303,19.318297897447252],[-99.2968138313616,19.318755783793662],[-99.29814501269341,19.319174877156257],[-99.29867484842863,19.31973957376215],[-99.29894989561497,19.321194483268187],[-99.2995176110976,19.32147617192662],[-99.29999071354489,19.322308092572868],[-99.3003622818703,19.32235624745738],[-99.30064639791716,19.322156768056416],[-99.30052966988326,19.320363753041335],[-99.30107511118771,19.319698436709317],[-99.30110378334788,19.318793972611672],[-99.30112608777266,19.318706866737998],[-99.30171191089836,19.318599697587985],[-99.30180658381943,19.318313940812345],[-99.3012968824507,19.317813963116464],[-99.30114649785912,19.316957144600238],[-99.30071283192977,19.31620772470113],[-99.30044957929795,19.315137604259476],[-99.30003554269469,19.31401458437921],[-99.30041444085666,19.312642847630826],[-99.30096179632353,19.312393540521953],[-99.30122636302085,19.311859414116242],[-99.30128349992485,19.311200851796727],[-99.3011900395338,19.310222302724114],[-99.30145467154405,19.30938646198949],[-99.30173738765615,19.309457583960565],[-99.3021706564273,19.309973292863404],[-99.30258510808862,19.310631456729723],[-99.30313179610327,19.311076282969793],[-99.30350907703357,19.310720414174895],[-99.30405608568563,19.309706530506233],[-99.3045839652051,19.309173111039755],[-99.3051682689289,19.30879980088561],[-99.30554502782883,19.307893476575373],[-99.3057390939167,19.307472017810795],[-99.30623495809907,19.307123366034347],[-99.30658159449726,19.307501907269],[-99.3070862349336,19.307940377099072],[-99.3074870669248,19.30766133110498],[-99.30742557089532,19.306774822120758],[-99.30769035234837,19.305908908494317],[-99.30826999711478,19.305401613353425],[-99.3087228591905,19.305103311193008],[-99.30920682376572,19.305103311193008],[-99.30945931696334,19.30511325332482],[-99.30959481361334,19.306456247747164],[-99.30976278912333,19.306983935528024],[-99.31007834001396,19.307452091945805],[-99.31033108996378,19.307481980875465],[-99.31053132287971,19.30725285267154],[-99.31073160730364,19.306814650253074],[-99.31111066024377,19.306784779021825],[-99.31158445624918,19.306844522276478],[-99.31197841525042,19.30621623977558],[-99.31221547894276,19.305231474834912],[-99.31214471581269,19.304358932218094],[-99.31235778403467,19.304202353547353],[-99.31304419288868,19.30415761854691],[-99.31377791297898,19.303620859649655],[-99.31401452600767,19.30295006962554],[-99.31394345028309,19.301541983876945],[-99.31488962396892,19.301184498421378],[-99.31514972010464,19.30082706301961],[-99.31559842462953,19.29901831404284],[-99.31626018467684,19.298460316990514],[-99.31666157574482,19.297590085199644],[-99.3161884308189,19.296831663728184],[-99.31521921625085,19.296184952986195],[-99.31611597487411,19.293688850285577],[-99.31625645994232,19.29132871660906],[-99.31677535988703,19.290549907009463],[-99.31682148179225,19.288837363592265],[-99.31601789199675,19.286104129389926],[-99.31461667267574,19.2845986466952],[-99.31555128574703,19.28233633659879],[-99.31648387506722,19.278515139023924],[-99.31568082277157,19.27541269774369],[-99.31438014567063,19.274644684086923],[-99.314913439206,19.268837351949685],[-99.3144494992392,19.267983823931843],[-99.31441172080584,19.265253667613393],[-99.31646550114213,19.26102430752796],[-99.31613973808739,19.25899055315915],[-99.31614192556759,19.25750965128222],[-99.29445344373536,19.284412952193307],[-99.2700806289672,19.305847116189582],[-99.2685284259229,19.30529869214419],[-99.2684101112128,19.305111875972145],[-99.26896462210443,19.304833865387366],[-99.26961113813125,19.304506273700866],[-99.27023521539685,19.304241050901012],[-99.27070083566667,19.3039801188864],[-99.27133685860568,19.30303287566265],[-99.27174019490765,19.30279739689304],[-99.27193285473193,19.302570292945305],[-99.27166091284083,19.30251662995265],[-99.27144910200745,19.302503073220265],[-99.2712921172267,19.302237625462055],[-99.27102759126586,19.302024796392843],[-99.27048595173495,19.30169501469834],[-99.27014703163609,19.301425859019943],[-99.26969643139633,19.30125581311765],[-99.26922560484222,19.301042952497795],[-99.26924422165052,19.30100365539279],[-99.2701937919576,19.299167944124022],[-99.27061172726111,19.298495945001847],[-99.27122003406605,19.297831634397056],[-99.27184552483844,19.297706238331926],[-99.27235851413539,19.29614838773007],[-99.2722452246693,19.295736741097812],[-99.27237822298268,19.29525360983139],[-99.27279564839483,19.294216159514377],[-99.2733831728597,19.293250732237468],[-99.27397030013297,19.292535895867545],[-99.27414097458991,19.291714144174733],[-99.27620777594689,19.288276705052425],[-99.27468711626938,19.2847603463169],[-99.27534320338374,19.283722805175515],[-99.27555381993304,19.283678673539796],[-99.27589318926772,19.283458038679214],[-99.27633779549276,19.283138187139997],[-99.27760089478728,19.282586910713164],[-99.27796292052788,19.28146305881141],[-99.27818495289266,19.28135293153865],[-99.27837190169701,19.28124281395462],[-99.27880467443937,19.281650297415183],[-99.27919048161455,19.281694357627288],[-99.27930717666973,19.281485085429225],[-99.2794472855476,19.28133090724694],[-99.27989220922676,19.281260361940525],[-99.28013448574251,19.28093175744837],[-99.28039939698736,19.280898349674843],[-99.28071696670285,19.280987441022404],[-99.28101730280687,19.280898349674843],[-99.28132409695797,19.280480902448986],[-99.28135408868074,19.28016938948157],[-99.2815250213222,19.279952534275125],[-99.28153731362939,19.279641283486043],[-99.28183138969594,19.279552383051794],[-99.28208438329797,19.279380174315932],[-99.28231989285831,19.279008142743507],[-99.28264312810101,19.278935983081098],[-99.28275486196964,19.278802787064436],[-99.28279066747133,19.278015289414284],[-99.28313132246286,19.277732697203547],[-99.28364202325679,19.27699080724949],[-99.28394808788359,19.276339650873496],[-99.28385340344902,19.276032273340775],[-99.28357253675645,19.27575273613803],[-99.2834380156034,19.27538722522391],[-99.28355900760926,19.275004841185535],[-99.28386563622027,19.274812069405087],[-99.28411794418156,19.274462910058134],[-99.28452721298427,19.274381599781663],[-99.28464946732105,19.274086994916956],[-99.28514462760108,19.27355254549292],[-99.2852700959853,19.27328897883571],[-99.28514829058713,19.27289059534465],[-99.28533810408601,19.272637601509743],[-99.28549532631098,19.27232273800422],[-99.28581627073217,19.272114594786544],[-99.28575648274203,19.271764626842895],[-99.28641849209902,19.270809890224655],[-99.28701952849583,19.270639828414573],[-99.28757044250071,19.270129804896285],[-99.2879509383385,19.270214791955098],[-99.28936284117329,19.27024312247285],[-99.28974328685256,19.270167576090543],[-99.29019355692597,19.26987488417457],[-99.29062355987924,19.269487898327526],[-99.29094364531699,19.269327481787414],[-99.29107379511646,19.269048182521516],[-99.29174621465657,19.268774955140245],[-99.29219456873503,19.268392599298224],[-99.29259899126507,19.268501824486876],[-99.29281629601672,19.267567084288444],[-99.29370431578712,19.26704221641424],[-99.29380534537577,19.266463231634603],[-99.2941731532698,19.265993552005497],[-99.29399273604993,19.265143411998523],[-99.29403593847023,19.26486477043258],[-99.29425211571365,19.264783235884934],[-99.29444651974572,19.264396064726213],[-99.29474177819877,19.264192368666144],[-99.29509465461098,19.264076964837713],[-99.29583587557347,19.26356125348859],[-99.29678682136463,19.263110772331927],[-99.29680436243383,19.263096383700884],[-99.29714620184471,19.26234925290815],[-99.29768406256437,19.262004270456046],[-99.29786903242834,19.261364520788476],[-99.29950130205704,19.26086307843792],[-99.30013262310496,19.261108164050796],[-99.30094434952353,19.261101617633884],[-99.30235283730921,19.25903120036412],[-99.30345409815467,19.258854839240186],[-99.3045992772388,19.258156575548725],[-99.3065837707437,19.25769043235772],[-99.30795000437041,19.258174828568485],[-99.30920251459816,19.257908714190535],[-99.3116818645834,19.25684967120874],[-99.312449974391,19.25708632973698],[-99.31283162855361,19.25665123334042],[-99.31444914123749,19.2571245065338],[-99.31478178389222,19.256666496175043],[-99.3162064998723,19.2560866978003]]],"type":"Polygon"}}]}